player_id,matches_played,innings_batting,not_outs,runs_batting,highest_score,average_batting,balls_faced,strike_rate_batting,hundreds,fifties,zeroes,fours,sixes,start_year,last_year,out,last_played_year,innings_bowling,overs_bowled,maidens,runs_conceded,wickets_taken,best_bowling_inning,average_bowling,economy_rate,strike_rate_bowling,four_wickets,five_wickets,innings_fielding,dismissals,catches,stumpings,catches_wicketkeeper,catches_fielder,max_dismissals,dismissals_per_innings,max_dismissals_ct,max_dismissals_st
4292,5,5,0,75,27,15.0,58,129.31,0,0,0,9,2,2011,2011,True,,,,,,,,,,,,,5,0,0,0,0,0,0,0.0,0,0
4451,40,37,10,663,61,24.55,544,121.87,0,2,1,59,19,2009,2016,False,,,,,,,,,,,,,40,11,11,0,0,11,1,0.275,1,0
4498,7,7,0,120,51,17.14,90,133.33,0,1,1,21,2,2011,2012,True,,,,,,,,,,,,,7,4,4,0,0,4,3,0.571,3,0
4508,27,4,3,21,16,21.0,23,91.3,0,0,0,1,1,2010,2012,False,,27,96.0,3,693,37,4/13,18.72,7.21,15.5,1,0,27,8,8,0,0,8,1,0.296,1,0
4541,5,5,1,81,39,20.25,68,119.11,0,0,0,11,0,2009,2009,True,,1,1.0,0,6,1,1/6,6.0,6.0,6.0,0,0,5,4,4,0,0,4,2,0.8,2,0
4578,6,6,0,98,41,16.33,94,104.25,0,0,0,12,0,2012,2012,True,,5,11.0,0,67,2,1/12,33.5,6.09,33.0,0,0,6,1,1,0,0,1,1,0.166,1,0
4864,49,41,10,460,39,14.83,398,115.57,0,0,2,23,19,2011,2021,True,,49,147.1,0,1192,38,2/10,31.36,8.09,23.2,0,0,49,28,28,0,0,28,3,0.571,3,0
5236,9,8,2,98,23,16.33,117,83.76,0,0,0,9,0,2011,2012,True,,,,,,,,,,,,,9,2,2,0,0,2,1,0.222,1,0
5334,92,90,7,2091,88,25.19,1631,128.2,0,15,8,214,78,2010,2022,False,,5,7.1,0,67,1,1/11,67.0,9.34,43.0,0,0,92,28,28,0,0,28,2,0.304,2,0
5390,80,80,4,2069,109,27.22,1495,138.39,2,11,7,239,92,2008,2013,False,,1,0.1,0,0,1,1/0,0.0,0.0,1.0,0,0,80,67,51,16,51,0,4,0.837,4,0
5472,2,,,,nan,,,,,,,,,2008,2008,True,,2,8.0,0,91,1,1/50,91.0,11.37,48.0,0,0,2,3,3,0,0,3,2,1.5,2,0
5560,1,1,0,18,18,18.0,11,163.63,0,0,0,2,1,2011,2011,True,,,,,,,,,,,,,1,0,0,0,0,0,0,0.0,0,0
5583,4,4,0,111,47,27.75,101,109.9,0,0,0,11,5,2012,2012,True,,2,3.0,0,26,0,,,8.66,,0,0,4,2,2,0,0,2,1,0.5,1,0
5605,3,2,2,9,6,,14,64.28,0,0,0,0,0,2009,2009,False,,3,10.0,0,73,3,2/25,24.33,7.3,20.0,0,0,3,2,2,0,0,2,2,0.666,2,0
5616,32,32,2,1107,93,36.9,805,137.51,0,8,1,121,44,2008,2010,True,,,,,,,,,,,,,32,11,11,0,0,11,2,0.343,2,0
5674,66,63,21,1400,73,33.33,1118,125.22,0,6,3,122,43,2008,2014,True,,20,39.0,0,303,17,4/13,17.82,7.76,13.7,1,0,66,22,22,0,0,22,2,0.333,2,0
5681,21,6,3,22,13,7.33,22,100.0,0,0,0,1,0,2012,2016,True,,21,76.2,1,570,23,4/29,24.78,7.46,19.9,1,0,21,4,4,0,0,4,1,0.19,1,0
5702,21,19,3,417,71,26.06,306,136.27,0,4,1,49,11,2008,2011,True,,20,60.0,0,548,14,2/2,39.14,9.13,25.7,0,0,20,6,6,0,0,6,2,0.3,2,0
5766,64,61,12,1322,71,26.97,1075,122.97,0,5,4,90,60,2008,2014,True,,26,52.5,0,474,8,2/2,59.25,8.97,39.6,0,0,64,25,25,0,0,25,3,0.39,3,0
5779,37,21,9,117,17,9.75,112,104.46,0,0,2,6,3,2009,2013,True,,37,138.4,3,1047,45,4/34,23.26,7.55,18.4,1,0,37,20,20,0,0,20,2,0.54,2,0
5939,59,58,7,1977,116,38.76,1612,122.64,1,15,1,198,52,2008,2015,False,,,,,,,,,,,,,59,26,26,0,0,26,2,0.44,2,0
5941,17,1,1,0,0,,0,,0,0,0,0,0,2012,2014,False,,17,62.0,2,479,22,3/27,21.77,7.72,16.9,0,0,17,1,1,0,0,1,1,0.058,1,0
5961,62,54,18,1000,74,27.77,788,126.9,0,5,2,87,28,2009,2021,False,,60,158.2,0,1289,42,3/12,30.69,8.14,22.6,0,0,62,28,28,0,0,28,2,0.451,2,0
6033,54,30,17,167,16,12.84,164,101.82,0,0,2,10,7,2013,2018,False,,54,205.2,2,1702,61,3/26,27.9,8.28,20.1,0,0,54,15,15,0,0,15,2,0.277,2,0
6128,11,11,1,241,75,24.1,186,129.56,0,2,1,25,8,2008,2009,True,,,,,,,,,,,,,11,2,2,0,0,2,1,0.181,1,0
6161,4,4,0,73,29,18.25,77,94.8,0,0,0,9,0,2011,2011,True,,,,,,,,,,,,,4,0,0,0,0,0,0,0.0,0,0
6278,38,19,9,124,25,12.4,97,127.83,0,0,1,8,8,2008,2013,True,,38,145.5,3,1095,25,3/15,43.8,7.5,35.0,0,0,38,10,10,0,0,10,2,0.263,2,0
6285,2,2,0,18,17,9.0,18,100.0,0,0,0,3,0,2008,2008,True,,,,,,,,,,,,,2,0,0,0,0,0,0,0.0,0,0
6513,1,1,0,19,19,19.0,24,79.16,0,0,0,1,0,2010,2010,True,,,,,,,,,,,,,1,0,0,0,0,0,0,0.0,0,0
6553,11,9,4,123,33,24.6,100,123.0,0,0,1,9,4,2009,2013,False,,10,31.0,0,261,11,2/25,23.72,8.41,16.9,0,0,10,0,0,0,0,0,0,0.0,0,0
6565,14,3,2,4,4,4.0,5,80.0,0,0,1,1,0,2008,2008,False,,14,54.0,2,357,12,4/29,29.75,6.61,27.0,1,0,14,2,2,0,0,2,1,0.142,1,0
6683,71,69,7,2477,115,39.95,1866,132.74,1,20,1,266,78,2008,2017,True,,,,,,,,,,,,,71,26,26,0,0,26,2,0.366,2,0
6903,2,1,0,8,8,8.0,15,53.33,0,0,0,0,0,2012,2012,True,,2,7.0,0,60,1,1/36,60.0,8.57,42.0,0,0,2,0,0,0,0,0,0,0.0,0,0
6938,1,1,0,9,9,9.0,10,90.0,0,0,0,1,0,2008,2008,True,,1,4.0,0,40,1,1/40,40.0,10.0,24.0,0,0,1,0,0,0,0,0,0,0.0,0,0
6981,29,3,2,4,3,4.0,13,30.76,0,0,0,0,0,2009,2013,True,,29,107.3,1,785,28,3/27,28.03,7.3,23.0,0,0,29,9,9,0,0,9,1,0.31,1,0
7133,10,9,0,91,28,10.11,128,71.09,0,0,3,5,2,2008,2013,True,,,,,,,,,,,,,10,4,4,0,0,4,2,0.4,2,0
7252,2,2,0,10,8,5.0,26,38.46,0,0,0,0,0,2011,2011,True,,,,,,,,,,,,,2,0,0,0,0,0,0,0.0,0,0
7443,1,1,1,1,1,,1,100.0,0,0,0,0,0,2011,2011,False,,1,3.0,0,19,0,,,6.33,,0,0,1,0,0,0,0,0,0,0.0,0,0
7502,5,5,0,34,13,6.8,34,100.0,0,0,1,6,1,2008,2009,True,,,,,,,,,,,,,5,4,4,0,3,1,1,0.8,1,0
7547,8,8,2,193,64,32.16,140,137.85,0,1,0,21,5,2013,2013,False,,1,1.0,0,12,0,,,12.0,,0,0,8,3,3,0,0,3,1,0.375,1,0
7702,39,36,9,974,117,36.07,750,129.86,1,5,0,74,41,2008,2011,False,,30,87.5,0,674,20,3/21,33.7,7.67,26.3,0,0,39,21,21,0,0,21,2,0.538,2,0
8002,6,4,2,39,30,19.5,53,73.58,0,0,0,2,2,2008,2008,True,,4,7.0,0,40,3,2/7,13.33,5.71,14.0,0,0,6,3,3,0,0,3,1,0.5,1,0
8076,21,5,2,23,11,7.66,26,88.46,0,0,1,1,1,2010,2013,True,,21,78.5,1,635,23,3/13,27.6,8.05,20.5,0,0,21,6,6,0,0,6,2,0.285,2,0
8119,9,7,3,181,45,45.25,143,126.57,0,0,0,15,3,2010,2010,False,,7,9.0,0,76,0,,,8.44,,0,0,9,1,1,0,0,1,1,0.111,1,0
8166,55,29,9,198,34,9.9,214,92.52,0,0,7,14,6,2008,2011,False,,54,199.0,1,1447,57,4/21,25.38,7.27,20.9,1,0,55,16,16,0,0,16,2,0.29,2,0
8180,145,141,16,3874,117,30.99,2809,137.91,4,21,7,375,190,2008,2020,False,,105,338.1,3,2682,92,4/29,29.15,7.93,22.0,1,0,145,40,40,0,0,40,2,0.275,2,0
8291,47,45,9,954,78,26.5,755,126.35,0,6,4,76,36,2008,2013,True,,6,7.0,0,86,1,1/14,86.0,12.28,42.0,0,0,47,22,22,0,0,22,3,0.468,3,0
8917,73,59,6,1167,93,22.01,835,139.76,0,6,6,95,67,2018,2025,True,,57,142.2,1,1029,41,4/26,25.09,7.22,20.8,1,0,73,24,24,0,0,24,3,0.328,3,0
10582,24,22,4,531,84,29.5,453,117.21,0,3,2,39,16,2009,2015,True,,14,34.2,0,292,11,3/31,26.54,8.5,18.7,0,0,24,7,7,0,0,7,2,0.291,2,0
10772,8,7,2,203,75,40.6,156,130.12,0,3,0,9,13,2010,2010,False,,6,14.5,0,101,5,2/19,20.2,6.8,17.8,0,0,8,4,4,0,0,4,2,0.5,2,0
12440,4,1,0,0,0,0.0,13,0.0,0,0,1,0,0,2010,2011,True,,4,9.2,0,79,2,1/15,39.5,8.46,28.0,0,0,4,0,0,0,0,0,0,0.0,0,0
12454,1,1,0,0,0,0.0,1,0.0,0,0,1,0,0,2019,2019,True,,,,,,,,,,,,,1,0,0,0,0,0,0,0.0,0,0
12856,3,3,1,62,24,31.0,53,116.98,0,0,0,5,2,2009,2009,True,,3,11.0,0,105,2,1/11,52.5,9.54,33.0,0,0,3,4,4,0,0,4,2,1.333,2,0
16406,12,12,0,278,83,23.16,194,143.29,0,1,3,45,6,2010,2011,True,,,,,,,,,,,,,12,5,5,0,0,5,1,0.416,1,0
16932,13,11,2,79,27,8.77,78,101.28,0,0,2,5,1,2008,2013,True,,13,51.2,1,356,19,5/25,18.73,6.93,16.2,0,1,13,3,3,0,0,3,1,0.23,1,0
17991,1,1,0,15,15,15.0,16,93.75,0,0,0,1,0,2009,2009,True,,1,4.0,0,27,1,1/27,27.0,6.75,24.0,0,0,1,0,0,0,0,0,0,0.0,0,0
19264,7,2,1,1,1,1.0,3,33.33,0,0,1,0,0,2018,2018,False,,7,25.0,0,225,4,3/17,56.25,9.0,37.5,0,0,7,2,2,0,0,2,1,0.285,1,0
19296,36,36,9,1001,103,37.07,743,134.72,1,4,3,91,40,2009,2016,False,,13,29.0,0,215,7,2/31,30.71,7.41,24.8,0,0,36,12,12,0,0,12,1,0.333,1,0
20123,23,22,7,506,76,33.73,389,130.07,0,4,0,34,23,2010,2013,True,,,,,,,,,,,,,23,7,7,0,0,7,2,0.304,2,0
23460,7,6,1,106,44,21.2,60,176.66,0,0,0,16,3,2012,2013,True,,6,11.5,0,124,2,1/12,62.0,10.47,35.5,0,0,7,2,2,0,0,2,1,0.285,1,0
24598,83,75,13,1405,68,22.66,1146,122.6,0,5,6,112,64,2010,2021,False,,,,,,,,,,,,,83,36,36,0,0,36,3,0.433,3,0
24790,1,,,,nan,,,,,,,,,2012,2012,True,,,,,,,,,,,,,1,1,1,0,0,1,1,1.0,1,0
25913,24,19,3,215,31,13.43,150,143.33,0,0,1,18,11,2017,2024,True,,23,69.3,0,517,15,4/11,34.46,7.43,27.8,1,0,24,18,18,0,0,18,5,0.75,5,0
26184,42,22,12,179,39,17.9,154,116.23,0,0,1,13,5,2008,2013,True,,42,130.2,0,1151,29,3/25,39.68,8.83,26.9,0,0,42,5,5,0,0,5,1,0.119,1,0
26206,15,11,5,76,27,12.66,55,138.18,0,0,2,5,5,2008,2011,False,,13,31.2,0,242,6,2/17,40.33,7.72,31.3,0,0,15,3,3,0,0,3,1,0.2,1,0
26236,3,1,1,0,0,,2,0.0,0,0,0,0,0,2010,2011,False,,3,7.0,0,75,3,2/17,25.0,10.71,14.0,0,0,3,0,0,0,0,0,0,0.0,0,0
26252,5,4,0,63,40,15.75,66,95.45,0,0,1,6,1,2010,2010,True,,,,,,,,,,,,,5,3,3,0,0,3,1,0.6,1,0
26291,3,3,0,23,22,7.66,23,100.0,0,0,1,5,0,2008,2008,True,,,,,,,,,,,,,3,0,0,0,0,0,0,0.0,0,0
26421,221,98,34,833,50,13.01,705,118.15,0,1,12,64,29,2009,2025,True,,217,785.0,4,5652,187,4/34,30.22,7.2,25.1,1,0,219,52,52,0,0,52,2,0.237,2,0
26490,12,3,2,10,5,10.0,14,71.42,0,0,0,1,0,2010,2013,True,,12,44.0,0,313,9,3/15,34.77,7.11,29.3,0,0,12,3,3,0,0,3,1,0.25,1,0
26782,20,20,0,423,60,21.15,339,124.77,0,2,3,56,10,2008,2011,True,,,,,,,,,,,,,20,6,6,0,0,6,2,0.3,2,0
26789,23,5,1,2,1,0.5,10,20.0,0,0,3,0,0,2009,2012,False,,23,78.5,1,620,28,4/19,22.14,7.86,16.8,1,0,23,1,1,0,0,1,1,0.043,1,0
26797,8,,,,nan,,,,,,,,,2011,2013,True,,8,24.5,0,201,8,3/27,25.12,8.09,18.6,0,0,8,3,3,0,0,3,2,0.375,2,0
26798,20,13,5,136,64,17.0,113,120.35,0,1,2,9,7,2008,2014,True,,,,,,,,,,,,,20,11,11,0,0,11,3,0.55,3,0
26806,95,67,20,1441,71,30.65,1212,118.89,0,11,6,154,28,2008,2013,False,,,,,,,,,,,,,94,16,16,0,0,16,2,0.17,2,0
26829,73,15,7,36,15,4.5,49,73.46,0,0,5,2,1,2008,2014,True,,73,252.1,2,2028,76,5/24,26.68,8.04,19.9,3,1,73,11,11,0,0,11,1,0.15,1,0
26907,95,49,19,342,26,11.4,284,120.42,0,0,3,24,13,2008,2017,False,,91,272.4,1,2020,71,4/15,28.45,7.4,23.0,1,0,95,25,25,0,0,25,2,0.263,2,0
26946,7,7,2,69,22,13.8,85,81.17,0,0,0,5,0,2009,2010,True,,,,,,,,,,,,,7,1,1,0,0,1,1,0.142,1,0
27150,1,1,0,0,0,0.0,2,0.0,0,0,1,0,0,2012,2012,True,,1,2.0,0,35,0,,,17.5,,0,0,1,1,1,0,0,1,1,1.0,1,0
27223,95,68,22,880,48,19.13,683,128.84,0,0,7,66,35,2010,2019,False,,63,99.0,0,758,22,2/14,34.45,7.65,27.0,0,0,95,19,19,0,0,19,2,0.2,2,0
27225,12,8,1,49,17,7.0,58,84.48,0,0,1,1,3,2008,2009,False,,9,25.0,0,219,4,2/34,54.75,8.76,37.5,0,0,12,2,2,0,0,2,1,0.166,1,0
27280,39,39,1,798,92,21.0,702,113.67,0,4,3,93,23,2010,2015,True,,,,,,,,,,,,,39,27,20,7,15,5,3,0.692,3,0
27572,1,,,,nan,,,,,,,,,2009,2009,True,,1,2.0,0,24,0,,,12.0,,0,0,1,0,0,0,0,0,0,0.0,0,0
27639,7,6,0,53,24,8.83,71,74.64,0,0,0,7,0,2008,2009,True,,,,,,,,,,,,,7,2,2,0,0,2,1,0.285,1,0
27685,23,21,6,280,61,18.66,251,111.55,0,1,0,28,7,2008,2013,False,,1,1.0,0,20,0,,,20.0,,0,0,23,3,3,0,0,3,1,0.13,1,0
27783,12,2,2,4,4,,7,57.14,0,0,0,0,0,2012,2013,False,,12,39.0,0,242,11,4/13,22.0,6.2,21.2,1,0,12,7,7,0,0,7,2,0.583,2,0
28067,1,,,,nan,,,,,,,,,2008,2008,True,,,,,,,,,,,,,1,0,0,0,0,0,0,0.0,0,0
28081,278,242,100,5439,84,38.3,3957,137.45,0,24,6,375,264,2008,2025,False,,,,,,,,,,,,,277,205,158,47,154,4,4,0.74,4,0
28114,89,82,5,2174,75,28.23,1882,115.51,0,11,3,268,28,2008,2013,False,,,,,,,,,,,,,89,18,18,0,0,18,2,0.202,2,0
28160,13,12,1,127,41,11.54,138,92.02,0,0,1,4,5,2010,2013,True,,,,,,,,,,,,,13,4,4,0,0,4,1,0.307,1,0
28235,222,221,29,6769,106,35.25,5324,127.14,2,51,11,768,152,2008,2024,False,,6,8.0,0,66,4,1/7,16.5,8.25,12.0,0,0,222,99,99,0,0,99,3,0.445,3,0
28671,12,11,1,183,45,18.3,173,105.78,0,0,1,22,1,2010,2011,True,,2,2.0,0,20,0,,,10.0,,0,0,12,6,6,0,0,6,2,0.5,2,0
28758,4,,,,nan,,,,,,,,,2008,2008,True,,4,14.0,0,141,3,1/33,47.0,10.07,28.0,0,0,4,0,0,0,0,0,0,0.0,0,0
28763,154,152,16,4217,93,31.0,3404,123.88,0,36,12,492,59,2008,2018,True,,,,,,,,,,,,,154,28,28,0,0,28,2,0.181,2,0
28764,1,1,1,0,0,,0,,0,0,0,0,0,2010,2010,False,,1,1.0,0,13,0,,,13.0,,0,0,1,0,0,0,0,0,0,0.0,0,0
28779,59,56,3,1349,91,25.45,1263,106.8,0,7,4,137,42,2008,2012,True,,20,46.0,0,363,10,2/21,36.3,7.89,27.6,0,0,59,22,22,0,0,22,2,0.372,2,0
28792,2,1,0,2,2,2.0,8,25.0,0,0,0,0,0,2010,2010,True,,1,1.0,0,8,0,,,8.0,,0,0,2,0,0,0,0,0,0,0.0,0,0
28830,2,1,0,19,19,19.0,17,111.76,0,0,0,3,0,2011,2011,True,,1,1.0,0,7,0,,,7.0,,0,0,2,2,2,0,0,2,1,1.0,1,0
28846,13,9,4,50,26,10.0,51,98.03,0,0,3,5,1,2011,2013,False,,9,16.0,1,129,5,2/14,25.8,8.06,19.2,0,0,13,3,3,0,0,3,2,0.23,2,0
28997,22,17,2,218,38,14.53,231,94.37,0,0,2,17,9,2008,2010,True,,6,11.0,0,93,0,,,8.45,,0,0,22,9,9,0,0,9,1,0.409,1,0
29264,163,90,37,833,64,15.71,604,137.91,0,1,13,79,42,2008,2021,True,,160,569.2,6,4030,150,5/18,26.86,7.07,22.7,1,1,163,49,49,0,0,49,2,0.3,2,0
29646,8,8,0,130,50,16.25,121,107.43,0,1,1,14,3,2008,2009,True,,,,,,,,,,,,,8,4,4,0,0,4,2,0.5,2,0
29655,59,8,7,28,13,28.0,29,96.55,0,0,0,3,0,2009,2017,True,,57,180.5,1,1451,47,4/22,30.87,8.02,23.0,2,0,59,21,21,0,0,21,2,0.355,2,0
29702,21,16,3,217,53,16.69,210,103.33,0,1,1,19,5,2010,2012,False,,10,14.1,0,129,1,1/13,129.0,9.1,85.0,0,0,21,10,10,0,0,10,3,0.476,3,0
29725,4,2,0,6,3,3.0,14,42.85,0,0,0,0,0,2008,2008,True,,4,9.1,0,82,1,1/27,82.0,8.94,55.0,0,0,4,0,0,0,0,0,0,0.0,0,0
29976,16,6,2,36,16,9.0,30,120.0,0,0,2,1,2,2008,2011,False,,15,42.4,0,419,12,2/27,34.91,9.82,21.3,0,0,16,5,5,0,0,5,2,0.312,2,0
29990,29,22,4,259,34,14.38,250,103.6,0,0,0,22,6,2008,2012,False,,,,,,,,,,,,,29,15,15,0,0,15,2,0.517,2,0
30045,257,234,50,4842,97,26.31,3577,135.36,0,22,18,466,161,2008,2024,False,,,,,,,,,,,,,256,182,145,37,137,8,4,0.71,4,0
30049,56,16,9,113,21,16.14,108,104.62,0,0,1,7,1,2008,2014,True,,55,191.4,1,1388,31,3/17,44.77,7.24,37.0,0,0,56,20,20,0,0,20,2,0.357,2,0
30102,100,32,18,117,23,8.35,141,82.97,0,0,5,11,2,2008,2017,False,,99,366.4,5,2782,102,4/17,27.27,7.58,21.5,1,0,99,21,21,0,0,21,2,0.212,2,0
30176,42,17,14,35,8,11.66,47,74.46,0,0,0,3,0,2008,2010,True,,42,160.5,1,1058,45,5/5,23.51,6.57,21.4,2,1,42,10,10,0,0,10,2,0.238,2,0
30220,4,3,1,24,9,12.0,22,109.09,0,0,0,2,1,2008,2008,True,,2,5.0,0,51,2,2/29,25.5,10.2,15.0,0,0,4,0,0,0,0,0,0,0.0,0,0
30235,5,1,1,0,0,,1,0.0,0,0,0,0,0,2008,2008,False,,,,,,,,,,,,,5,2,2,0,2,0,2,0.4,2,0
30288,90,41,15,352,39,13.53,295,119.32,0,0,1,20,17,2009,2025,False,,87,264.1,1,2215,83,4/16,26.68,8.38,19.0,2,0,90,23,23,0,0,23,2,0.255,2,0
30719,3,1,0,3,3,3.0,8,37.5,0,0,0,0,0,2008,2008,True,,3,8.0,0,87,2,1/30,43.5,10.87,24.0,0,0,3,1,1,0,0,1,1,0.333,1,0
30732,119,59,21,340,34,8.94,314,108.28,0,0,9,22,17,2008,2017,True,,119,420.4,14,3251,90,3/18,36.12,7.72,28.0,0,0,119,14,14,0,0,14,1,0.117,1,0
30750,20,20,2,282,52,15.66,267,105.61,0,1,4,33,5,2008,2011,True,,,,,,,,,,,,,20,4,4,0,0,4,2,0.2,2,0
31001,55,38,15,514,42,22.34,470,109.36,0,0,6,43,10,2008,2014,False,,3,7.0,0,42,0,,,6.0,,0,0,55,20,20,0,0,20,2,0.363,2,0
31028,18,17,1,237,41,14.81,208,113.94,0,0,1,24,8,2010,2012,True,,,,,,,,,,,,,18,1,1,0,0,1,1,0.055,1,0
31041,12,8,2,56,25,9.33,75,74.66,0,0,0,2,0,2008,2009,True,,7,12.0,0,97,4,1/6,24.25,8.08,18.0,0,0,12,5,5,0,0,5,1,0.416,1,0
31088,1,1,1,7,7,,4,175.0,0,0,0,1,0,2011,2011,False,,1,1.0,0,23,0,,,23.0,,0,0,1,0,0,0,0,0,0,0.0,0,0
31104,1,1,0,15,15,15.0,19,78.94,0,0,0,3,0,2010,2010,True,,,,,,,,,,,,,1,0,0,0,0,0,0,0.0,0,0
31107,162,57,25,381,31,11.9,419,90.93,0,0,10,31,5,2008,2024,True,,162,561.5,6,4145,174,5/17,23.82,7.37,19.3,4,1,162,23,23,0,0,23,2,0.141,2,0
31732,18,5,3,15,6,7.5,27,55.55,0,0,0,0,0,2008,2012,False,,17,56.3,0,499,21,4/36,23.76,8.83,16.1,1,0,17,6,6,0,0,6,2,0.352,2,0
31738,13,2,1,7,6,7.0,7,100.0,0,0,0,1,0,2009,2014,True,,13,34.1,0,261,6,2/14,43.5,7.63,34.1,0,0,13,2,2,0,0,2,1,0.153,1,0
31750,4,4,0,87,31,21.75,76,114.47,0,0,0,7,2,2012,2012,True,,,,,,,,,,,,,4,0,0,0,0,0,0,0.0,0,0
31820,88,22,15,41,22,5.85,62,66.12,0,0,5,3,1,2008,2017,False,,88,318.0,2,2495,106,4/10,23.53,7.84,18.0,1,0,88,19,19,0,0,19,2,0.215,2,0
31872,72,22,8,39,6,2.78,87,44.82,0,0,6,2,0,2011,2021,False,,70,235.5,2,1784,48,3/16,37.16,7.56,29.4,0,0,72,16,16,0,0,16,2,0.222,2,0
32084,7,4,1,37,23,12.33,27,137.03,0,0,1,6,0,2010,2013,True,,6,17.4,0,202,5,3/36,40.4,11.43,21.2,0,0,7,1,1,0,0,1,1,0.142,1,0
32091,60,50,12,672,45,17.68,577,116.46,0,0,3,55,20,2008,2014,False,,19,38.1,0,322,9,3/13,35.77,8.43,25.4,0,0,60,13,13,0,0,13,3,0.216,3,0
32093,3,1,0,0,0,0.0,1,0.0,0,0,1,0,0,2009,2009,True,,3,8.0,0,57,2,1/4,28.5,7.12,24.0,0,0,3,0,0,0,0,0,0,0.0,0,0
32102,113,94,19,1554,94,20.72,1313,118.35,0,6,8,121,79,2009,2018,False,,,,,,,,,,,,,112,75,65,10,65,0,4,0.669,4,0
32130,92,23,11,16,3,1.33,45,35.55,0,0,6,0,0,2008,2015,True,,90,316.3,1,2332,89,3/11,26.2,7.36,21.3,0,0,92,14,14,0,0,14,2,0.152,2,0
32211,1,,,,nan,,,,,,,,,2011,2011,True,,1,1.0,0,18,0,,,18.0,,0,0,1,0,0,0,0,0,0,0.0,0,0
32240,9,6,2,121,57,30.25,119,101.68,0,1,0,14,1,2008,2009,True,,,,,,,,,,,,,9,6,6,0,0,6,2,0.666,2,0
32242,139,137,11,2848,81,22.6,2358,120.78,0,13,13,365,49,2008,2019,True,,,,,,,,,,,,,139,85,69,16,65,4,4,0.611,4,0
32305,1,,,,nan,,,,,,,,,2008,2008,True,,,,,,,,,,,,,1,0,0,0,0,0,0,0.0,0,0
32389,2,2,0,13,9,6.5,13,100.0,0,0,0,1,0,2008,2008,True,,,,,,,,,,,,,2,2,2,0,2,0,2,1.0,2,0
32391,27,10,7,67,28,22.33,64,104.68,0,0,1,6,1,2008,2012,False,,26,71.0,0,527,13,2/11,40.53,7.42,32.7,0,0,27,5,5,0,0,5,2,0.185,2,0
32498,174,154,44,3204,100,29.12,2241,142.97,1,13,9,262,158,2008,2019,True,,82,191.1,1,1415,42,3/20,33.69,7.4,27.3,0,0,174,43,43,0,0,43,2,0.247,2,0
32540,30,22,3,390,51,20.52,391,99.74,0,1,1,50,4,2010,2014,True,,,,,,,,,,,,,30,6,6,0,0,6,1,0.2,1,0
32685,103,82,29,1139,60,21.49,946,120.4,0,1,3,87,37,2008,2017,True,,101,340.3,10,2649,80,3/24,33.11,7.77,25.5,0,0,102,31,31,0,0,31,3,0.303,3,0
32965,63,15,9,39,23,6.5,41,95.12,0,0,5,5,0,2008,2017,False,,63,225.5,5,1698,74,5/21,22.94,7.51,18.3,2,1,63,15,15,0,0,15,2,0.238,2,0
32966,192,92,36,624,24,11.14,563,110.83,0,0,16,56,20,2008,2024,False,,191,641.4,2,5108,192,4/17,26.6,7.96,20.0,2,0,192,43,43,0,0,43,3,0.223,3,0
32973,17,5,3,7,4,3.5,12,58.33,0,0,1,0,0,2008,2012,False,,17,50.0,1,468,11,2/18,42.54,9.36,27.2,0,0,17,2,2,0,0,2,1,0.117,1,0
33141,204,187,33,4348,100,28.23,3409,127.54,1,22,14,359,173,2010,2023,False,,,,,,,,,,,,,204,66,64,2,13,51,3,0.323,3,0
33335,205,200,30,5528,100,32.51,4043,136.73,1,39,8,506,203,2008,2021,False,,69,151.2,0,1118,25,2/0,44.72,7.38,36.3,0,0,204,109,109,0,0,109,3,0.534,3,0
33440,18,12,7,55,23,11.0,69,79.71,0,0,1,4,1,2008,2013,False,,,,,,,,,,,,,18,18,16,2,16,0,3,1.0,3,0
33757,11,8,4,91,19,22.75,81,112.34,0,0,0,9,1,2011,2014,False,,3,2.4,0,18,0,,,6.75,,0,0,11,3,3,0,0,3,2,0.272,2,0
33870,34,25,8,270,27,15.88,231,116.88,0,0,2,22,6,2010,2016,False,,14,23.1,0,232,3,1/11,77.33,10.01,46.3,0,0,34,6,6,0,0,6,2,0.176,2,0
34019,47,34,7,405,48,15.0,350,115.71,0,0,3,33,15,2008,2014,False,,27,52.2,0,447,15,3/6,29.8,8.54,20.9,0,0,47,14,14,0,0,14,3,0.297,3,0
34078,3,1,1,4,4,,2,200.0,0,0,0,1,0,2010,2010,False,,,,,,,,,,,,,3,2,2,0,0,2,2,0.666,2,0
34102,272,267,30,7046,109,29.72,5334,132.09,2,47,18,640,302,2008,2025,False,,32,56.3,0,453,15,4/6,30.2,8.01,22.6,1,0,272,102,102,0,0,102,3,0.375,3,0
34118,2,2,0,31,27,15.5,36,86.11,0,0,0,3,0,2010,2011,True,,2,3.0,0,49,0,,,16.33,,0,0,2,0,0,0,0,0,0,0.0,0,0
34139,3,1,1,0,0,,0,,0,0,0,0,0,2012,2012,False,,3,11.4,0,136,1,1/46,136.0,11.65,70.0,0,0,3,0,0,0,0,0,0,0.0,0,0
34155,5,2,1,19,18,19.0,13,146.15,0,0,0,1,1,2016,2016,False,,5,17.3,0,146,3,2/18,48.66,8.34,35.0,0,0,5,0,0,0,0,0,0,0.0,0,0
34245,14,4,3,5,3,5.0,5,100.0,0,0,1,0,0,2010,2011,False,,14,47.0,0,441,14,2/20,31.5,9.38,20.1,0,0,14,3,3,0,0,3,2,0.214,2,0
34264,7,,,,nan,,,,,,,,,2009,2011,True,,7,25.0,0,200,7,2/19,28.57,8.0,21.4,0,0,7,2,2,0,0,2,1,0.285,1,0
34274,44,14,10,34,15,8.5,55,61.81,0,0,3,6,0,2008,2013,False,,44,146.4,4,1190,40,3/29,29.75,8.11,22.0,0,0,44,3,3,0,0,3,1,0.068,1,0
34281,43,40,8,676,78,21.12,575,117.56,0,2,3,55,26,2009,2013,False,,11,25.0,0,197,6,2/14,32.83,7.88,25.0,0,0,43,10,10,0,0,10,2,0.232,2,0
34282,16,10,2,92,29,11.5,91,101.09,0,0,1,9,2,2008,2011,True,,,,,,,,,,,,,16,13,10,3,8,2,2,0.812,2,0
34402,2,,,,nan,,,,,,,,,2009,2009,True,,2,4.1,0,34,1,1/15,34.0,8.16,25.0,0,0,2,0,0,0,0,0,0,0.0,0,0
35261,11,5,3,29,13,14.5,26,111.53,0,0,0,4,0,2011,2013,False,,11,32.0,0,283,8,2/15,35.37,8.84,24.0,0,0,11,1,1,0,0,1,1,0.09,1,0
35263,104,104,5,2728,122,27.55,1755,155.44,2,16,7,334,106,2008,2015,True,,15,22.4,0,235,6,2/18,39.16,10.36,22.6,0,0,104,34,34,0,0,34,3,0.326,3,0
35280,82,30,15,52,10,3.46,76,68.42,0,0,5,2,1,2008,2016,True,,82,295.5,2,2338,90,4/22,25.97,7.9,19.7,2,0,82,29,29,0,0,29,3,0.353,3,0
35281,19,2,0,4,4,2.0,3,133.33,0,0,1,1,0,2008,2010,True,,18,60.0,0,542,12,3/29,45.16,9.03,30.0,0,0,19,3,3,0,0,3,1,0.157,1,0
35282,6,5,1,43,20,10.75,31,138.7,0,0,0,6,1,2011,2011,True,,,,,,,,,,,,,6,1,1,0,0,1,1,0.166,1,0
35320,78,78,11,2334,100,34.83,1948,119.81,1,13,4,295,29,2008,2013,False,,4,6.0,0,58,0,,,9.66,,0,0,78,23,23,0,0,23,4,0.294,4,0
35353,76,15,8,42,9,6.0,59,71.18,0,0,1,3,1,2008,2013,True,,75,251.0,2,1904,65,4/25,29.29,7.58,23.1,1,0,76,14,14,0,0,14,2,0.184,2,0
35357,16,10,2,192,45,24.0,178,107.86,0,0,2,26,3,2008,2014,True,,,,,,,,,,,,,16,17,13,4,12,1,4,1.062,3,1
35390,93,74,22,1494,61,28.73,1244,120.09,0,8,1,111,50,2008,2021,True,,,,,,,,,,,,,92,25,25,0,0,25,3,0.271,3,0
35401,7,3,2,8,7,8.0,11,72.72,0,0,0,0,0,2008,2009,True,,,,,,,,,,,,,7,2,2,0,0,2,1,0.285,1,0
35565,98,85,26,1695,75,28.72,1449,116.97,0,7,8,156,40,2008,2018,False,,6,7.0,0,83,1,1/11,83.0,11.85,42.0,0,0,98,46,46,0,0,46,3,0.469,3,0
35582,205,197,17,4952,88,27.51,3799,130.35,0,27,8,481,182,2008,2022,True,,,,,,,,,,,,,205,124,92,32,58,34,4,0.604,2,2
35586,2,2,1,4,4,4.0,7,57.14,0,0,1,0,0,2010,2010,False,,2,6.0,0,66,2,2/41,33.0,11.0,18.0,0,0,2,0,0,0,0,0,0,0.0,0,0
35619,9,8,0,145,54,18.12,109,133.02,0,1,1,21,3,2008,2008,True,,1,2.0,0,22,1,1/22,22.0,11.0,12.0,0,0,9,1,1,0,0,1,1,0.111,1,0
35630,23,23,1,505,120,22.95,418,120.81,1,2,1,60,20,2009,2013,False,,10,25.1,0,205,7,4/29,29.28,8.14,21.5,1,0,23,3,3,0,0,3,1,0.13,1,0
35731,105,46,18,310,26,11.07,274,113.13,0,0,4,21,9,2008,2018,False,,104,353.4,1,2966,105,4/40,28.24,8.38,20.2,1,0,104,35,35,0,0,35,2,0.336,2,0
35805,65,54,10,985,71,22.38,836,117.82,0,3,2,77,37,2008,2014,False,,20,36.0,0,337,6,2/23,56.16,9.36,36.0,0,0,64,13,13,0,0,13,2,0.203,2,0
35928,33,17,9,187,35,23.37,123,152.03,0,0,0,11,9,2010,2017,False,,28,71.0,0,572,17,2/13,33.64,8.05,25.0,0,0,33,7,7,0,0,7,2,0.212,2,0
36071,25,17,7,170,34,17.0,137,124.08,0,0,1,23,2,2011,2014,True,,,,,,,,,,,,,25,17,12,5,12,0,3,0.68,3,0
36084,132,126,15,2750,83,24.77,2120,129.71,0,13,4,217,149,2008,2019,True,,73,144.5,0,1077,36,4/29,29.91,7.43,24.1,2,0,132,31,31,0,0,31,2,0.234,2,0
36110,8,6,1,49,16,9.8,39,125.64,0,0,1,5,2,2008,2008,True,,,,,,,,,,,,,8,1,1,0,0,1,1,0.125,1,0
36130,8,4,0,47,20,11.75,66,71.21,0,0,0,5,0,2009,2009,True,,,,,,,,,,,,,8,3,3,0,0,3,2,0.375,2,0
36326,8,1,0,1,1,1.0,2,50.0,0,0,0,0,0,2010,2010,True,,8,31.0,1,224,9,2/24,24.88,7.22,20.6,0,0,8,1,1,0,0,1,1,0.125,1,0
37000,10,10,1,196,45,21.77,165,118.78,0,0,1,27,3,2008,2008,True,,,,,,,,,,,,,10,2,2,0,0,2,1,0.2,1,0
37004,20,16,5,327,79,29.72,301,108.63,0,1,0,25,8,2011,2012,True,,15,25.1,0,220,9,2/18,24.44,8.74,16.7,0,0,20,6,6,0,0,6,1,0.3,1,0
37737,109,109,5,2880,158,27.69,2186,131.74,2,13,6,293,130,2008,2018,False,,,,,,,,,,,,,109,43,37,6,12,25,4,0.394,2,2
37749,2,2,1,26,15,26.0,22,118.18,0,0,0,0,1,2011,2011,True,,2,5.0,0,34,0,,,6.8,,0,0,2,1,1,0,0,1,1,0.5,1,0
38062,18,12,4,106,41,13.25,108,98.14,0,0,1,6,5,2008,2013,False,,14,39.3,0,349,9,3/32,38.77,8.83,26.3,0,0,18,8,8,0,0,8,2,0.444,2,0
38373,29,29,1,604,86,21.57,458,131.87,0,4,4,69,19,2009,2012,True,,16,39.2,1,303,8,2/14,37.87,7.7,29.5,0,0,29,10,10,0,0,10,1,0.344,1,0
38407,12,10,3,131,36,18.71,133,98.49,0,0,0,10,3,2008,2011,False,,11,36.0,0,276,8,3/32,34.5,7.66,27.0,0,0,12,2,2,0,0,2,1,0.166,1,0
38699,55,54,14,1017,81,25.42,822,123.72,0,3,3,66,46,2008,2014,False,,2,2.0,0,24,0,,,12.0,,0,0,55,18,18,0,0,18,2,0.327,2,0
38710,34,17,9,121,29,15.12,113,107.07,0,0,1,11,2,2008,2012,True,,34,129.3,0,879,28,3/15,31.39,6.78,27.7,0,0,34,11,11,0,0,11,1,0.323,1,0
39024,23,21,2,388,80,20.42,303,128.05,0,2,2,39,13,2012,2015,True,,23,89.3,0,700,29,3/20,24.13,7.82,18.5,0,0,23,8,8,0,0,8,2,0.347,2,0
40618,59,9,5,33,13,8.25,37,89.18,0,0,0,5,0,2014,2021,False,,59,219.2,1,1703,82,4/12,20.76,7.76,16.0,3,0,59,13,13,0,0,13,2,0.22,2,0
41028,6,6,1,128,53,25.6,78,164.1,0,1,0,13,8,2008,2008,False,,,,,,,,,,,,,6,9,5,4,5,0,2,1.5,2,0
41378,8,8,1,117,47,16.71,81,144.44,0,0,2,10,6,2008,2008,False,,,,,,,,,,,,,8,1,1,0,0,1,1,0.125,1,0
41411,8,2,0,3,3,1.5,6,50.0,0,0,1,0,0,2008,2008,True,,8,32.0,0,296,8,2/19,37.0,9.25,24.0,0,0,8,1,1,0,0,1,1,0.125,1,0
41434,8,8,1,64,16,9.14,83,77.1,0,0,0,7,2,2008,2008,True,,4,10.0,0,68,2,1/8,34.0,6.8,30.0,0,0,8,1,1,0,0,1,1,0.125,1,0
42639,10,9,1,81,33,10.12,46,176.08,0,0,1,7,6,2008,2008,True,,10,30.0,0,225,9,3/28,25.0,7.5,20.0,0,0,10,4,4,0,0,4,2,0.4,2,0
42655,3,1,0,2,2,2.0,7,28.57,0,0,0,0,0,2008,2008,True,,3,7.0,0,54,5,4/11,10.8,7.71,8.4,1,0,3,0,0,0,0,0,0,0.0,0,0
42657,7,5,1,52,24,13.0,47,110.63,0,0,0,5,0,2008,2008,True,,5,8.3,0,85,2,1/6,42.5,10.0,25.5,0,0,7,5,5,0,0,5,2,0.714,2,0
42683,7,7,0,193,73,27.57,161,119.87,0,1,0,30,2,2008,2008,True,,,,,,,,,,,,,7,2,2,0,0,2,1,0.285,1,0
43265,11,5,2,36,13,12.0,29,124.13,0,0,0,3,1,2008,2008,True,,11,41.1,0,266,22,6/14,12.09,6.46,11.2,1,1,11,4,4,0,0,4,2,0.363,2,0
43524,6,4,1,39,24,13.0,19,205.26,0,0,0,1,5,2008,2008,True,,6,22.3,1,184,12,4/23,15.33,8.17,11.2,1,0,6,0,0,0,0,0,0,0.0,0,0
43652,1,1,0,3,3,3.0,7,42.85,0,0,0,0,0,2008,2008,True,,,,,,,,,,,,,1,1,1,0,0,1,1,1.0,1,0
43906,16,16,3,577,104,44.38,407,141.76,2,3,2,60,21,2016,2017,False,,,,,,,,,,,,,16,0,0,0,0,0,0,0.0,0,0
44111,31,24,10,394,50,28.14,309,127.5,0,1,0,32,13,2008,2011,False,,,,,,,,,,,,,31,17,14,3,14,0,2,0.548,2,0
44149,34,28,8,409,67,20.45,359,113.92,0,1,0,39,5,2009,2015,False,,34,115.4,0,800,25,3/6,32.0,6.91,27.7,0,0,34,18,18,0,0,18,3,0.529,3,0
44410,3,3,1,14,9,7.0,13,107.69,0,0,1,2,0,2016,2016,False,,,,,,,,,,,,,3,1,1,0,0,1,1,0.333,1,0
44828,154,147,11,4773,96,35.09,3515,135.78,0,39,7,439,174,2012,2025,True,,1,1.0,0,16,0,,,16.0,,0,0,152,85,85,0,0,85,4,0.559,4,0
44932,83,77,26,2029,78,39.78,1636,124.02,0,14,1,126,79,2009,2018,False,,49,113.0,0,834,23,4/17,36.26,7.38,29.4,1,0,83,30,30,0,0,30,3,0.361,3,0
44936,184,170,40,5162,133,39.7,3403,151.68,3,40,10,413,251,2008,2021,False,,,,,,,,,,,,,182,126,118,8,28,90,3,0.692,3,0
44938,2,1,0,10,10,10.0,13,76.92,0,0,0,0,0,2009,2009,True,,2,7.0,1,56,4,3/32,14.0,8.0,10.5,0,0,2,0,0,0,0,0,0,0.0,0,0
45224,36,36,4,886,69,27.68,807,109.78,0,6,4,83,31,2008,2012,False,,,,,,,,,,,,,36,22,22,0,0,22,2,0.611,2,0
45434,2,2,0,11,11,5.5,16,68.75,0,0,1,0,1,2009,2009,True,,2,6.0,0,40,1,1/30,40.0,6.66,36.0,0,0,2,0,0,0,0,0,0,0.0,0,0
45705,15,15,3,205,47,17.08,180,113.88,0,0,0,22,5,2011,2019,True,,,,,,,,,,,,,14,1,1,0,0,1,1,0.071,1,0
45782,7,7,0,92,32,13.14,98,93.87,0,0,1,10,4,2011,2012,True,,,,,,,,,,,,,7,5,3,2,2,1,1,0.714,1,0
45789,98,96,11,2427,89,28.55,2222,109.22,0,17,9,255,44,2008,2014,False,,89,290.2,3,2293,65,3/13,35.27,7.89,26.8,0,0,98,31,31,0,0,31,4,0.316,4,0
45797,5,2,0,26,22,13.0,24,108.33,0,0,0,1,1,2010,2010,True,,5,7.2,0,54,3,3/12,18.0,7.36,14.6,0,0,5,1,1,0,0,1,1,0.2,1,0
45963,7,2,0,8,8,4.0,9,88.88,0,0,1,0,1,2009,2011,True,,7,26.0,0,187,13,3/15,14.38,7.19,12.0,0,0,7,0,0,0,0,0,0,0.0,0,0
46148,6,6,0,83,50,13.83,73,113.69,0,1,2,10,4,2012,2012,True,,,,,,,,,,,,,6,2,2,0,0,2,1,0.333,1,0
46248,91,68,28,974,73,24.35,686,141.98,0,3,3,61,55,2008,2016,False,,87,287.1,3,2355,85,4/32,27.7,8.2,20.2,1,0,90,19,19,0,0,19,2,0.211,2,0
46393,18,13,5,159,51,19.87,171,92.98,0,1,1,14,1,2010,2013,False,,18,59.0,0,542,12,2/28,45.16,9.18,29.5,0,0,18,5,5,0,0,5,2,0.277,2,0
46538,70,23,12,126,23,11.45,90,140.0,0,0,5,11,4,2009,2016,False,,70,271.3,3,2089,77,4/20,27.12,7.69,21.1,1,0,70,11,11,0,0,11,2,0.157,2,0
46569,1,1,0,0,0,0.0,0,,0,0,1,0,0,2008,2008,True,,1,3.0,0,31,1,1/31,31.0,10.33,18.0,0,0,1,0,0,0,0,0,0,0.0,0,0
46592,9,2,1,11,11,11.0,18,61.11,0,0,0,2,0,2008,2008,True,,9,35.0,2,242,7,4/21,34.57,6.91,30.0,1,0,9,1,1,0,0,1,1,0.111,1,0
46750,5,5,2,32,16,10.66,30,106.66,0,0,1,3,1,2012,2012,False,,4,8.0,0,70,3,3/37,23.33,8.75,16.0,0,0,5,1,1,0,0,1,1,0.2,1,0
46774,13,8,0,147,33,18.37,111,132.43,0,0,2,12,8,2008,2008,True,,13,46.0,1,301,11,3/12,27.36,6.54,25.0,0,0,13,2,2,0,0,2,1,0.153,1,0
47270,29,29,3,739,91,28.42,668,110.62,0,4,3,94,9,2008,2011,True,,,,,,,,,,,,,29,7,7,0,0,7,2,0.241,2,0
47492,95,37,15,167,19,7.59,160,104.37,0,0,5,14,3,2008,2020,False,,95,362.4,7,2508,97,3/8,25.85,6.91,22.4,0,0,95,24,24,0,0,24,2,0.252,2,0
47569,15,4,2,20,12,10.0,19,105.26,0,0,0,1,1,2011,2012,True,,15,52.3,2,406,14,3/22,29.0,7.73,22.5,0,0,15,3,3,0,0,3,1,0.2,1,0
47660,29,22,8,326,70,23.28,235,138.72,0,1,3,26,15,2011,2015,False,,10,13.0,0,94,2,1/7,47.0,7.23,39.0,0,0,29,8,8,0,0,8,1,0.275,1,0
47693,3,3,1,18,14,9.0,16,112.5,0,0,1,1,1,2011,2011,False,,3,12.0,0,129,3,2/49,43.0,10.75,24.0,0,0,3,0,0,0,0,0,0,0.0,0,0
47711,5,5,2,167,74,55.66,132,126.51,0,1,1,19,1,2009,2009,True,,,,,,,,,,,,,5,7,7,0,7,0,4,1.4,4,0
47850,21,15,4,159,35,14.45,141,112.76,0,0,0,11,8,2009,2013,True,,21,73.5,1,498,21,3/20,23.71,6.74,21.0,0,0,21,8,8,0,0,8,2,0.38,2,0
48472,52,50,7,1153,76,26.81,1007,114.49,0,9,6,140,24,2008,2013,False,,25,45.1,0,366,5,1/3,73.2,8.1,54.2,0,0,51,20,20,0,0,20,2,0.392,2,0
48835,10,2,2,4,2,,3,133.33,0,0,0,0,0,2008,2010,False,,10,39.0,0,294,17,4/18,17.29,7.53,13.7,1,0,10,3,3,0,0,3,1,0.3,1,0
49209,30,30,2,768,114,27.42,532,144.36,1,4,2,84,39,2008,2010,False,,21,49.0,1,390,13,3/14,30.0,7.95,22.6,0,0,30,4,4,0,0,4,2,0.133,2,0
49289,80,78,15,1802,110,28.6,1462,123.25,1,10,2,200,39,2008,2013,False,,,,,,,,,,,,,80,32,32,0,0,32,2,0.4,2,0
49535,6,1,1,5,5,,3,166.66,0,0,0,1,0,2011,2012,False,,5,17.0,0,120,5,2/10,24.0,7.05,20.4,0,0,5,4,4,0,0,4,2,0.8,2,0
49636,66,9,3,20,6,3.33,30,66.66,0,0,2,1,0,2008,2014,True,,66,254.0,1,1696,63,3/11,26.92,6.67,24.1,0,0,66,15,15,0,0,15,1,0.227,1,0
49638,20,14,4,177,39,17.7,123,143.9,0,0,2,12,9,2008,2010,True,,20,70.0,0,520,27,3/34,19.25,7.42,15.5,0,0,20,4,4,0,0,4,1,0.2,1,0
49677,6,4,2,12,8,6.0,18,66.66,0,0,0,0,0,2009,2010,True,,6,22.3,0,161,8,2/16,20.12,7.15,16.8,0,0,6,3,3,0,0,3,1,0.5,1,0
49700,3,3,0,23,12,7.66,27,85.18,0,0,1,0,0,2013,2013,True,,2,5.0,0,36,1,1/16,36.0,7.2,30.0,0,0,3,2,2,0,0,2,1,0.666,1,0
49758,122,25,9,88,17,5.5,99,88.88,0,0,6,6,5,2009,2019,True,,122,471.1,8,3365,170,5/13,19.79,7.14,16.6,6,1,122,21,21,0,0,21,1,0.172,1,0
49764,49,42,11,724,65,23.35,575,125.91,0,1,3,44,29,2009,2017,False,,44,131.5,0,1079,27,4/19,39.96,8.18,29.2,1,0,49,19,19,0,0,19,3,0.387,3,0
50431,3,3,1,40,23,20.0,26,153.84,0,0,1,5,1,2008,2008,False,,1,1.0,0,21,0,,,21.0,,0,0,3,3,3,0,0,3,1,1.0,1,0
50438,8,1,0,2,2,2.0,4,50.0,0,0,0,0,0,2011,2011,True,,8,29.0,0,223,6,2/24,37.16,7.68,29.0,0,0,8,2,2,0,0,2,1,0.25,1,0
50710,71,68,3,1687,94,25.95,1392,121.19,0,10,4,195,27,2008,2013,True,,,,,,,,,,,,,71,54,45,9,34,11,5,0.76,5,0
50804,13,11,3,81,20,10.12,73,110.95,0,0,3,2,3,2008,2010,True,,13,47.0,2,355,18,3/21,19.72,7.55,15.6,0,0,13,0,0,0,0,0,0,0.0,0,0
51050,3,2,1,11,10,11.0,9,122.22,0,0,0,1,0,2008,2008,False,,3,11.0,0,99,2,1/30,49.5,9.0,33.0,0,0,3,1,1,0,0,1,1,0.333,1,0
51433,12,5,0,13,8,2.6,23,56.52,0,0,2,0,0,2013,2017,True,,12,43.0,1,319,11,4/9,29.0,7.41,23.4,1,0,12,2,2,0,0,2,1,0.166,1,0
51439,161,113,44,1560,70,22.6,1204,129.56,0,5,5,120,66,2008,2022,False,,158,519.5,3,4360,183,4/22,23.82,8.38,17.0,2,0,160,80,80,0,0,80,3,0.5,3,0
51469,3,3,0,25,16,8.33,31,80.64,0,0,0,4,0,2008,2008,True,,,,,,,,,,,,,3,0,0,0,0,0,0,0.0,0,0
51782,6,2,1,4,3,4.0,5,80.0,0,0,0,0,0,2009,2009,False,,6,23.2,1,154,5,2/27,30.8,6.6,28.0,0,0,6,0,0,0,0,0,0,0.0,0,0
51880,142,141,16,4965,175,39.72,3333,148.96,6,31,8,404,357,2009,2021,False,,38,92.2,0,729,18,3/21,40.5,7.89,30.7,0,0,140,29,29,0,0,29,2,0.207,2,0
52912,12,7,2,51,23,10.2,50,102.0,0,0,3,3,2,2013,2014,False,,12,43.4,4,298,14,3/31,21.28,6.82,18.7,0,0,12,4,4,0,0,4,3,0.333,3,0
52969,4,4,0,73,31,18.25,75,97.33,0,0,0,6,1,2008,2008,True,,,,,,,,,,,,,4,1,1,0,0,1,1,0.25,1,0
52983,15,14,1,161,46,12.38,172,93.6,0,0,1,9,7,2012,2017,True,,11,35.4,0,284,9,3/39,31.55,7.96,23.7,0,0,15,2,2,0,0,2,1,0.133,1,0
53115,22,20,5,295,60,19.66,241,122.4,0,1,2,15,18,2013,2015,True,,19,39.2,0,350,11,4/22,31.81,8.89,21.4,1,0,22,9,9,0,0,9,2,0.409,2,0
53116,29,29,2,1079,100,39.96,852,126.64,1,11,2,109,44,2014,2017,False,,1,3.0,0,34,1,1/34,34.0,11.33,18.0,0,0,29,10,10,0,0,10,2,0.344,2,0
53118,91,89,5,2385,87,28.39,1764,135.2,0,17,8,245,117,2008,2017,False,,46,89.5,0,810,26,4/8,31.15,9.01,20.7,1,0,91,41,41,0,0,41,2,0.45,2,0
53191,5,2,1,3,2,3.0,3,100.0,0,0,0,0,0,2011,2011,True,,5,19.3,0,157,6,3/30,26.16,8.05,19.5,0,0,5,0,0,0,0,0,0,0.0,0,0
55395,25,21,5,303,40,18.93,225,134.66,0,0,3,18,18,2017,2019,True,,19,36.0,0,319,6,3/4,53.16,8.86,36.0,0,0,25,6,6,0,0,6,2,0.24,2,0
55698,1,,,,nan,,,,,,,,,2011,2011,True,,1,3.0,0,33,0,,,11.0,,0,0,1,0,0,0,0,0,0,0.0,0,0
55805,3,3,0,31,15,10.33,26,119.23,0,0,0,3,0,2008,2008,True,,,,,,,,,,,,,3,1,1,0,0,1,1,0.333,1,0
55988,1,1,0,2,2,2.0,10,20.0,0,0,0,0,0,2009,2009,True,,,,,,,,,,,,,1,2,2,0,0,2,2,2.0,2,0
56007,1,1,1,2,2,,2,100.0,0,0,0,0,0,2009,2009,False,,1,4.0,0,58,0,,,14.5,,0,0,1,0,0,0,0,0,0,0.0,0,0
56143,71,52,12,793,66,19.82,637,124.48,0,2,4,73,21,2011,2021,False,,70,247.2,1,1839,63,3/17,29.19,7.43,23.5,0,0,71,14,14,0,0,14,2,0.197,2,0
56283,1,1,1,0,0,,2,0.0,0,0,0,0,0,2008,2008,False,,1,2.0,0,29,0,,,14.5,,0,0,1,0,0,0,0,0,0,0.0,0,0
209457,5,3,0,16,8,5.33,23,69.56,0,0,1,0,0,2008,2008,True,,3,2.5,0,49,0,,,17.29,,0,0,5,4,4,0,0,4,2,0.8,2,0
211854,7,7,0,103,51,14.71,102,100.98,0,1,0,12,3,2009,2009,True,,,,,,,,,,,,,7,1,1,0,0,1,1,0.142,1,0
215155,6,6,0,127,30,21.16,100,127.0,0,0,0,14,3,2016,2016,True,,,,,,,,,,,,,6,1,1,0,0,1,1,0.166,1,0
219889,184,184,22,6565,126,40.52,4697,139.77,4,62,11,663,236,2009,2024,True,,1,0.1,0,2,0,,,12.0,,0,0,183,86,86,0,0,86,4,0.469,4,0
220435,2,2,0,7,7,3.5,8,87.5,0,0,1,1,0,2009,2009,True,,,,,,,,,,,,,2,1,1,0,0,1,1,0.5,1,0
221140,18,11,6,148,47,29.6,101,146.53,0,0,0,12,7,2015,2023,False,,15,49.2,0,440,16,4/33,27.5,8.91,18.5,1,0,17,8,8,0,0,8,1,0.47,1,0
223642,10,4,2,10,7,5.0,12,83.33,0,0,1,1,0,2010,2015,False,,10,36.0,0,293,9,2/17,32.55,8.13,24.0,0,0,10,1,1,0,0,1,1,0.1,1,0
224367,11,1,1,0,0,,1,0.0,0,0,0,0,0,2009,2010,False,,11,34.5,1,307,15,4/31,20.46,8.81,13.9,2,0,11,0,0,0,0,0,0,0.0,0,0
226492,13,13,1,270,50,22.5,196,137.75,0,1,1,24,15,2016,2019,False,,,,,,,,,,,,,13,7,7,0,0,7,3,0.538,3,0
227712,78,17,7,26,7,2.6,48,54.16,0,0,6,2,0,2008,2017,True,,75,252.4,3,2073,69,4/18,30.04,8.2,21.9,1,0,77,7,7,0,0,7,1,0.09,1,0
228430,17,6,5,36,18,36.0,26,138.46,0,0,0,4,1,2010,2015,False,,17,57.2,1,498,12,2/13,41.5,8.68,28.6,0,0,17,2,2,0,0,2,1,0.117,1,0
228622,3,,,,nan,,,,,,,,,2014,2016,True,,3,9.4,1,66,3,2/6,22.0,6.82,19.3,0,0,3,0,0,0,0,0,0,0.0,0,0
228943,22,20,0,368,62,18.4,292,126.02,0,2,3,34,18,2008,2011,True,,,,,,,,,,,,,22,2,2,0,0,2,2,0.09,2,0
230193,15,14,0,183,35,13.07,177,103.38,0,0,0,23,2,2011,2024,True,,,,,,,,,,,,,14,9,8,1,7,1,3,0.642,3,0
230371,21,17,6,238,39,21.63,141,168.79,0,0,1,15,19,2014,2019,False,,17,46.5,0,429,10,2/20,42.9,9.16,28.1,0,0,21,10,10,0,0,10,2,0.476,2,0
230553,2,1,0,10,10,10.0,9,111.11,0,0,0,1,0,2010,2010,True,,2,8.0,0,80,0,,,10.0,,0,0,2,1,1,0,0,1,1,0.5,1,0
230554,4,2,1,8,6,8.0,6,133.33,0,0,0,0,1,2018,2018,False,,3,7.0,0,89,2,1/24,44.5,12.71,21.0,0,0,4,4,4,0,0,4,2,1.0,2,0
230558,189,122,21,1780,109,17.62,1069,166.51,1,7,17,189,116,2012,2025,True,,187,724.1,3,4922,192,5/19,25.63,6.79,22.6,7,1,188,36,36,0,0,36,2,0.191,2,0
230559,189,171,52,3412,87,28.67,2316,147.32,0,16,5,218,223,2010,2022,False,,107,248.0,0,2180,69,4/44,31.59,8.79,21.5,1,0,189,103,103,0,0,103,2,0.544,2,0
230593,22,16,7,194,36,21.55,167,116.16,0,0,1,13,7,2009,2011,False,,5,5.0,0,44,0,,,8.8,,0,0,22,9,9,0,0,9,2,0.409,2,0
232284,17,16,5,302,79,27.45,246,122.76,0,1,0,25,13,2008,2013,False,,,,,,,,,,,,,17,7,7,0,0,7,3,0.411,3,0
232292,14,9,4,51,15,10.2,45,113.33,0,0,2,3,3,2016,2024,False,,14,27.0,0,241,7,2/28,34.42,8.92,23.1,0,0,14,3,3,0,0,3,1,0.214,1,0
232359,13,12,0,177,40,14.75,141,125.53,0,0,2,19,8,2016,2019,True,,2,2.0,0,15,0,,,7.5,,0,0,13,4,4,0,0,4,1,0.307,1,0
232364,54,20,7,120,36,9.23,107,112.14,0,0,3,8,4,2011,2023,False,,54,201.0,2,1742,47,3/20,37.06,8.66,25.6,0,0,54,23,23,0,0,23,3,0.425,3,0
233514,37,30,8,422,40,19.18,307,137.45,0,0,1,23,26,2010,2016,True,,36,116.2,0,1016,31,3/20,32.77,8.73,22.5,0,0,37,12,12,0,0,12,2,0.324,2,0
234675,254,198,81,3260,77,27.86,2502,130.29,0,5,9,240,117,2008,2025,False,,225,676.0,2,5188,170,5/16,30.51,7.67,23.8,3,1,253,109,109,0,0,109,4,0.43,4,0
236489,1,1,0,26,26,26.0,26,100.0,0,0,0,1,1,2021,2021,True,,,,,,,,,,,,,1,1,1,0,0,1,1,1.0,1,0
236694,3,2,0,34,30,17.0,22,154.54,0,0,0,3,1,2010,2010,True,,3,11.0,0,112,5,2/36,22.4,10.18,13.2,0,0,3,2,2,0,0,2,1,0.666,1,0
236766,3,3,0,19,18,6.33,17,111.76,0,0,1,1,2,2009,2009,True,,,,,,,,,,,,,3,1,1,0,0,1,1,0.333,1,0
236779,117,28,22,57,10,9.5,69,82.6,0,0,1,4,2,2008,2025,False,,117,403.1,6,3377,96,5/12,35.17,8.37,25.1,0,1,117,20,20,0,0,20,2,0.17,2,0
236810,1,1,0,2,2,2.0,5,40.0,0,0,0,0,0,2008,2008,True,,,,,,,,,,,,,1,0,0,0,0,0,0,0.0,0,0
237095,106,106,5,2619,127,25.93,2149,121.87,2,13,5,247,91,2009,2020,True,,4,6.0,0,49,0,,,8.16,,0,0,106,47,47,0,0,47,2,0.443,2,0
237199,1,,,,nan,,,,,,,,,2021,2021,True,,1,3.0,0,27,0,,,9.0,,0,0,1,0,0,0,0,0,0,0.0,0,0
237696,9,8,2,61,16,10.16,57,107.01,0,0,1,5,1,2017,2022,True,,,,,,,,,,,,,9,9,7,2,7,0,4,1.0,3,1
237701,32,25,6,375,60,19.73,317,118.29,0,1,1,35,9,2008,2013,True,,2,3.0,0,28,1,1/19,28.0,9.33,18.0,0,0,32,11,11,0,0,11,2,0.343,2,0
240734,1,,,,nan,,,,,,,,,2010,2010,True,,1,3.0,0,33,0,,,11.0,,0,0,1,0,0,0,0,0,0,0.0,0,0
244497,3,2,0,22,18,11.0,16,137.5,0,0,0,2,1,2021,2023,True,,3,10.0,0,91,2,2/23,45.5,9.1,30.0,0,0,3,0,0,0,0,0,0,0.0,0,0
244639,8,1,1,1,1,,5,20.0,0,0,0,0,0,2019,2019,False,,8,27.0,0,238,7,2/25,34.0,8.81,23.1,0,0,8,0,0,0,0,0,0,0.0,0,0
247235,21,12,6,78,18,13.0,77,101.29,0,0,0,7,2,2017,2021,True,,21,73.2,0,658,30,3/6,21.93,8.97,14.6,0,0,21,7,7,0,0,7,2,0.333,2,0
249866,6,6,0,148,45,24.66,118,125.42,0,0,0,13,6,2018,2018,True,,,,,,,,,,,,,6,2,2,0,0,2,1,0.333,1,0
253798,5,4,3,35,16,35.0,37,94.59,0,0,0,3,0,2010,2010,True,,,,,,,,,,,,,5,4,4,0,0,4,3,0.8,3,0
253802,267,259,40,8661,113,39.54,6519,132.85,8,63,10,771,291,2008,2025,False,,26,41.5,0,368,4,2/25,92.0,8.79,62.7,0,0,265,117,117,0,0,117,3,0.441,3,0
261354,39,17,6,82,24,7.45,72,113.88,0,0,0,7,4,2013,2022,False,,38,142.5,1,1100,48,4/14,22.91,7.7,17.8,2,0,39,12,12,0,0,12,2,0.307,2,0
262533,2,1,0,7,7,7.0,14,50.0,0,0,0,1,0,2013,2013,True,,,,,,,,,,,,,2,1,1,0,0,1,1,0.5,1,0
265564,33,14,4,65,16,6.5,80,81.25,0,0,0,4,1,2011,2023,True,,33,120.3,1,937,35,3/10,26.77,7.77,20.6,0,0,33,9,9,0,0,9,1,0.272,1,0
267192,103,93,21,2485,101,34.51,1940,128.09,1,11,1,225,60,2012,2021,True,,1,0.2,0,5,0,,,15.0,,0,0,103,53,53,0,0,53,3,0.514,3,0
267724,2,1,0,1,1,1.0,2,50.0,0,0,0,0,0,2024,2024,True,,2,6.0,0,39,2,2/23,19.5,6.5,18.0,0,0,2,1,1,0,0,1,1,0.5,1,0
268739,10,3,1,3,2,1.5,6,50.0,0,0,1,0,0,2008,2013,True,,10,40.0,0,285,8,2/19,35.62,7.12,30.0,0,0,10,2,2,0,0,2,1,0.2,1,0
269170,14,3,2,2,1,2.0,4,50.0,0,0,0,0,0,2009,2012,False,,13,36.0,0,286,9,4/19,31.77,7.94,24.0,1,0,13,1,1,0,0,1,1,0.076,1,0
270484,60,45,20,527,46,21.08,389,135.47,0,0,0,36,23,2011,2017,True,,60,204.3,4,1778,59,5/16,30.13,8.69,20.7,0,2,60,16,16,0,0,16,2,0.266,2,0
271315,1,1,0,0,0,0.0,1,0.0,0,0,1,0,0,2012,2012,True,,1,3.0,0,47,0,,,15.66,,0,0,1,0,0,0,0,0,0,0.0,0,0
272262,15,4,1,36,26,12.0,39,92.3,0,0,0,2,1,2013,2021,True,,15,55.5,0,472,19,3/13,24.84,8.45,17.6,0,0,15,6,6,0,0,6,3,0.4,3,0
272450,55,49,2,1292,117,27.48,904,142.92,1,9,7,104,75,2010,2025,True,,34,93.2,1,795,37,4/25,21.48,8.51,15.1,2,0,55,11,11,0,0,11,2,0.2,2,0
272465,10,2,1,15,11,15.0,13,115.38,0,0,0,2,0,2020,2020,True,,10,35.3,0,320,11,2/19,29.09,9.01,19.3,0,0,10,2,2,0,0,2,1,0.2,1,0
272477,17,2,2,6,3,,9,66.66,0,0,0,0,0,2019,2023,False,,17,61.0,0,552,19,3/23,29.05,9.04,19.2,0,0,17,2,2,0,0,2,1,0.117,1,0
272949,9,2,2,1,1,,1,100.0,0,0,0,0,0,2008,2008,False,,9,25.2,0,199,4,1/17,49.75,7.85,38.0,0,0,9,0,0,0,0,0,0,0.0,0,0
272994,44,20,6,66,14,4.71,75,88.0,0,0,8,5,3,2010,2014,False,,44,154.4,1,1086,40,3/13,27.15,7.02,23.2,0,0,44,12,12,0,0,12,2,0.272,2,0
273439,8,4,3,10,7,10.0,17,58.82,0,0,0,0,0,2013,2013,False,,8,32.0,1,209,9,2/26,23.22,6.53,21.3,0,0,8,2,2,0,0,2,1,0.25,1,0
274785,10,10,0,140,50,14.0,141,99.29,0,1,0,16,0,2012,2012,True,,,,,,,,,,,,,10,13,11,2,9,2,2,1.3,2,0
274926,3,3,1,42,33,21.0,42,100.0,0,0,0,5,1,2010,2010,True,,,,,,,,,,,,,3,0,0,0,0,0,0,0.0,0,0
276298,140,115,21,2651,88,28.2,1522,174.17,0,12,6,186,223,2012,2025,False,,121,301.0,0,2863,123,5/15,23.27,9.51,14.6,2,1,139,41,41,0,0,41,2,0.294,2,0
277237,49,13,11,88,33,44.0,84,104.76,0,0,1,9,1,2008,2017,False,,48,153.2,1,1109,40,3/24,27.72,7.23,23.0,0,0,49,14,14,0,0,14,2,0.285,2,0
277472,1,1,1,6,6,,5,120.0,0,0,0,1,0,2017,2017,False,,,,,,,,,,,,,1,0,0,0,0,0,0,0.0,0,0
277662,30,29,7,538,95,24.45,423,127.18,0,3,2,40,31,2014,2018,False,,22,49.3,0,518,11,2/18,47.09,10.46,27.0,0,0,30,11,11,0,0,11,1,0.366,1,0
277906,79,77,17,2128,89,35.46,1694,125.61,0,18,2,185,64,2015,2024,True,,2,3.0,0,31,0,,,10.33,,0,0,79,40,40,0,0,40,2,0.506,2,0
277912,120,29,20,85,17,9.44,81,104.93,0,0,3,5,3,2015,2025,False,,119,447.1,11,3747,143,4/18,26.2,8.37,18.7,2,0,119,35,35,0,0,35,3,0.294,3,0
277916,198,183,18,5032,105,30.49,4025,125.01,2,33,13,514,123,2008,2025,False,,1,1.0,0,5,1,1/5,5.0,5.0,6.0,0,0,198,75,75,0,0,75,2,0.378,2,0
277955,92,23,14,104,28,11.55,108,96.29,0,0,0,7,2,2008,2021,False,,92,297.5,8,2474,86,4/14,28.76,8.3,20.7,1,0,92,22,22,0,0,22,2,0.239,2,0
278482,6,3,1,33,26,16.5,24,137.5,0,0,0,5,0,2008,2008,False,,5,8.0,0,78,1,1/21,78.0,9.75,48.0,0,0,6,2,2,0,0,2,1,0.333,1,0
279460,1,,,,nan,,,,,,,,,2009,2009,True,,1,1.0,0,11,0,,,11.0,,0,0,1,0,0,0,0,0,0,0.0,0,0
279545,42,15,7,26,6,3.25,44,59.09,0,0,4,1,0,2008,2022,False,,42,142.4,1,1240,38,3/18,32.63,8.69,22.5,0,0,42,7,7,0,0,7,1,0.166,1,0
279552,8,2,0,2,2,1.0,3,66.66,0,0,1,0,0,2010,2011,True,,8,17.0,0,137,5,3/16,27.4,8.05,20.4,0,0,8,1,1,0,0,1,1,0.125,1,0
279554,7,7,2,76,28,15.2,97,78.35,0,0,0,6,0,2011,2017,True,,,,,,,,,,,,,7,2,2,0,0,2,1,0.285,1,0
279562,8,2,2,1,1,,2,50.0,0,0,0,0,0,2011,2012,False,,8,25.4,0,224,9,3/30,24.88,8.72,17.1,0,0,8,1,1,0,0,1,1,0.125,1,0
279810,170,145,24,2934,115,24.24,2300,127.56,1,13,7,296,87,2008,2024,False,,,,,,,,,,,,,169,118,92,26,87,5,4,0.698,4,0
279862,1,,,,nan,,,,,,,,,2011,2011,True,,1,1.0,0,6,1,1/6,6.0,6.0,6.0,0,0,1,0,0,0,0,0,0,0.0,0,0
288284,39,7,7,19,7,,29,65.51,0,0,0,1,0,2020,2025,False,,39,144.3,1,1196,57,4/25,20.98,8.27,15.2,2,0,39,3,3,0,0,3,1,0.076,1,0
288992,34,13,3,81,30,8.1,77,105.19,0,0,1,3,3,2016,2023,True,,34,111.2,1,1070,30,4/11,35.66,9.61,22.2,1,0,34,14,14,0,0,14,2,0.411,2,0
290629,6,,,,nan,,,,,,,,,2008,2008,True,,6,22.0,0,236,7,2/29,33.71,10.72,18.8,0,0,6,2,2,0,0,2,1,0.333,1,0
290630,174,162,28,3942,114,29.41,3244,121.51,1,22,14,340,115,2008,2025,False,,,,,,,,,,,,,174,83,83,0,0,83,3,0.477,3,0
290632,38,12,8,59,14,14.75,57,103.5,0,0,2,7,0,2011,2017,False,,38,126.4,0,1039,45,4/14,23.08,8.2,16.8,2,0,38,8,8,0,0,8,2,0.21,2,0
290713,10,5,4,20,11,20.0,18,111.11,0,0,0,1,1,2008,2009,False,,10,23.1,0,209,6,2/16,34.83,9.02,23.1,0,0,10,3,3,0,0,3,1,0.3,1,0
290716,95,81,27,1208,69,22.37,981,123.13,0,4,6,102,40,2010,2023,True,,,,,,,,,,,,,95,38,31,7,16,15,2,0.4,2,0
290727,39,24,13,210,25,19.09,187,112.29,0,0,1,18,7,2013,2024,False,,36,110.2,1,891,25,2/14,35.64,8.07,26.4,0,0,39,9,9,0,0,9,2,0.23,2,0
297433,52,52,4,1674,114,34.87,1146,146.07,2,9,3,173,74,2019,2025,True,,,,,,,,,,,,,52,33,29,4,21,8,3,0.634,3,0
297583,5,3,2,13,12,13.0,8,162.5,0,0,1,0,1,2016,2016,False,,5,16.0,0,177,2,1/38,88.5,11.06,48.0,0,0,5,0,0,0,0,0,0,0.0,0,0
297628,30,27,1,503,56,19.34,388,129.63,0,3,3,40,20,2016,2022,True,,,,,,,,,,,,,30,20,19,1,7,12,3,0.666,2,1
298438,21,21,2,614,91,32.31,443,138.6,0,4,0,75,21,2017,2023,False,,,,,,,,,,,,,21,10,10,0,0,10,2,0.476,2,0
299572,9,9,2,182,57,26.0,136,133.82,0,1,0,12,8,2023,2024,True,,7,14.0,0,141,3,1/19,47.0,10.07,28.0,0,0,9,5,5,0,0,5,3,0.555,3,0
300631,2,2,0,14,14,7.0,13,107.69,0,0,1,3,0,2013,2013,True,,,,,,,,,,,,,2,0,0,0,0,0,0,0.0,0,0
302208,13,13,3,169,33,16.9,150,112.66,0,0,0,17,6,2013,2015,True,,,,,,,,,,,,,13,7,3,4,3,0,2,0.538,2,0
302579,31,21,1,293,52,14.65,295,99.32,0,1,4,32,3,2008,2020,True,,,,,,,,,,,,,31,24,17,7,16,1,2,0.774,1,1
302582,3,2,0,19,19,9.5,22,86.36,0,0,1,1,0,2008,2013,True,,,,,,,,,,,,,3,3,3,0,0,3,2,1.0,2,0
303669,3,1,0,10,10,10.0,15,66.66,0,0,0,1,0,2023,2023,True,,1,2.0,0,14,0,,,7.0,,0,0,3,2,2,0,0,2,2,0.666,2,0
307448,2,1,0,2,2,2.0,2,100.0,0,0,0,0,0,2008,2008,True,,2,5.0,0,59,0,,,11.8,,0,0,2,0,0,0,0,0,0,0.0,0,0
308251,11,5,3,53,20,26.5,62,85.48,0,0,1,7,0,2018,2023,False,,11,36.0,1,272,6,2/16,45.33,7.55,36.0,0,0,11,4,4,0,0,4,1,0.363,1,0
308798,7,7,0,115,44,16.42,99,116.16,0,0,0,11,5,2018,2018,True,,2,3.0,0,19,1,1/10,19.0,6.33,18.0,0,0,7,2,2,0,0,2,1,0.285,1,0
308967,121,119,16,4120,124,40.0,2758,149.38,7,24,8,407,185,2016,2025,True,,,,,,,,,,,,,121,66,63,3,28,35,3,0.545,3,0
310958,16,8,3,34,11,6.8,26,130.76,0,0,1,4,1,2009,2013,True,,16,48.0,0,472,7,2/37,67.42,9.83,41.1,0,0,16,7,7,0,0,7,2,0.437,2,0
311158,45,44,6,935,107,24.6,698,133.95,2,2,3,81,32,2017,2023,False,,38,114.5,2,992,28,3/15,35.42,8.63,24.6,0,0,45,23,23,0,0,23,2,0.511,2,0
311592,52,23,12,111,29,10.09,119,93.27,0,0,3,11,0,2014,2025,True,,49,174.3,1,1503,65,5/35,23.12,8.61,16.1,2,1,49,29,29,0,0,29,2,0.591,2,0
314622,2,,,,nan,,,,,,,,,2014,2014,True,,2,8.0,0,90,3,2/50,30.0,11.25,16.0,0,0,2,1,1,0,0,1,1,0.5,1,0
315623,9,4,2,5,4,2.5,13,38.46,0,0,2,0,0,2013,2018,False,,9,27.5,0,282,10,2/15,28.2,10.13,16.7,0,0,9,1,1,0,0,1,1,0.111,1,0
317292,9,2,1,0,0,0.0,9,0.0,0,0,1,0,0,2010,2016,False,,9,23.0,0,224,5,2/44,44.8,9.73,27.6,0,0,9,1,1,0,0,1,1,0.111,1,0
317293,44,17,7,99,42,9.9,71,139.43,0,0,3,6,8,2008,2017,True,,44,148.0,3,1287,37,3/31,34.78,8.69,24.0,0,0,44,6,6,0,0,6,1,0.136,1,0
317709,8,3,1,1,1,0.5,6,16.66,0,0,2,0,0,2009,2009,False,,7,17.0,0,152,5,2/20,30.4,8.94,20.4,0,0,8,4,4,0,0,4,1,0.5,1,0
317784,14,3,2,3,3,3.0,4,75.0,0,0,1,0,0,2009,2010,False,,14,34.5,0,295,6,2/18,49.16,8.46,34.8,0,0,14,3,3,0,0,3,1,0.214,1,0
317786,26,20,6,285,44,20.35,259,110.03,0,0,2,20,9,2009,2012,False,,8,11.0,0,125,4,2/20,31.25,11.36,16.5,0,0,25,6,6,0,0,6,2,0.24,2,0
318845,22,22,2,473,82,23.65,308,153.57,0,2,4,45,25,2014,2024,False,,,,,,,,,,,,,22,9,9,0,0,9,2,0.409,2,0
319439,56,24,11,85,20,6.53,70,121.42,0,0,6,5,7,2015,2019,True,,56,212.2,1,1803,71,4/21,25.39,8.49,17.9,1,0,56,1,1,0,0,1,1,0.017,1,0
319744,1,1,0,10,10,10.0,17,58.82,0,0,0,0,0,2013,2013,True,,,,,,,,,,,,,1,0,0,0,0,0,0,0.0,0,0
319745,17,8,3,51,19,10.2,51,100.0,0,0,1,4,1,2010,2013,False,,,,,,,,,,,,,17,13,11,2,11,0,2,0.764,2,0
321777,141,135,49,3077,101,35.77,2220,138.6,1,13,4,220,138,2012,2025,False,,,,,,,,,,,,,141,80,80,0,0,80,4,0.567,4,0
322535,9,4,3,12,5,12.0,17,70.58,0,0,0,1,0,2014,2015,False,,9,34.0,0,321,12,4/54,26.75,9.44,17.0,1,0,9,2,2,0,0,2,1,0.222,1,0
323131,33,7,5,5,4,2.5,14,35.71,0,0,2,0,0,2012,2014,False,,33,124.3,2,1029,39,4/34,26.38,8.26,19.1,1,0,33,4,4,0,0,4,1,0.121,1,0
324444,5,5,0,49,20,9.8,58,84.48,0,0,1,9,0,2010,2011,True,,,,,,,,,,,,,5,1,1,0,1,0,1,0.2,1,0
325012,109,99,27,2026,124,28.13,1400,144.71,1,9,9,158,106,2016,2025,False,,71,148.0,0,1449,44,4/15,32.93,9.79,20.1,1,0,108,25,25,0,0,25,2,0.231,2,0
325026,141,135,17,2819,95,23.88,1817,155.14,0,18,19,237,161,2012,2025,True,,85,170.2,1,1413,41,2/15,34.46,8.29,24.9,0,0,141,52,52,0,0,52,3,0.368,3,0
326016,190,74,36,320,27,8.42,351,91.16,0,0,6,31,3,2011,2025,True,,190,703.4,14,5412,198,5/19,27.33,7.69,21.3,2,2,190,38,38,0,0,38,2,0.2,2,0
326017,55,12,8,20,7,5.0,36,55.55,0,0,2,1,0,2013,2022,False,,55,201.3,3,1739,58,4/29,29.98,8.63,20.8,1,0,55,8,8,0,0,8,1,0.145,1,0
326434,3,3,1,32,14,16.0,29,110.34,0,0,0,0,1,2020,2020,False,,,,,,,,,,,,,3,2,2,0,2,0,1,0.666,1,0
326637,42,42,3,1329,93,34.07,945,140.63,0,10,3,132,66,2012,2021,False,,,,,,,,,,,,,42,12,12,0,0,12,2,0.285,2,0
326968,5,4,2,58,26,29.0,47,123.4,0,0,0,6,1,2023,2023,True,,5,11.0,0,95,6,2/13,15.83,8.63,11.0,0,0,5,1,1,0,0,1,1,0.2,1,0
327123,1,1,1,12,12,,12,100.0,0,0,0,1,0,2017,2017,False,,,,,,,,,,,,,1,0,0,0,0,0,0,0.0,0,0
327127,2,1,1,1,1,,2,50.0,0,0,0,0,0,2008,2008,False,,2,5.0,0,42,1,1/18,42.0,8.4,30.0,0,0,2,0,0,0,0,0,0,0.0,0,0
327830,7,5,1,44,22,11.0,28,157.14,0,0,1,3,3,2022,2023,True,,7,25.0,0,238,6,2/30,39.66,9.52,25.0,0,0,7,3,3,0,0,3,1,0.428,1,0
328026,10,4,1,15,10,5.0,11,136.36,0,0,1,1,1,2020,2020,False,,10,29.0,0,282,8,2/41,35.25,9.72,21.7,0,0,10,3,3,0,0,3,1,0.3,1,0
328163,31,22,8,304,35,21.71,261,116.47,0,0,1,23,16,2008,2013,False,,,,,,,,,,,,,31,7,7,0,0,7,2,0.225,2,0
330902,60,10,8,13,8,6.5,24,54.16,0,0,1,0,1,2016,2025,False,,60,227.2,2,1849,65,4/29,28.44,8.13,20.9,1,0,60,7,7,0,0,7,1,0.116,1,0
331855,4,4,1,11,7,3.66,19,57.89,0,0,0,0,1,2008,2009,True,,,,,,,,,,,,,4,1,1,0,0,1,1,0.25,1,0
333780,3,3,0,20,12,6.66,21,95.23,0,0,0,4,0,2014,2015,True,,,,,,,,,,,,,3,1,1,0,0,1,1,0.333,1,0
333904,35,28,4,339,59,14.12,273,124.17,0,1,5,40,11,2010,2017,True,,,,,,,,,,,,,35,8,3,5,2,1,2,0.228,0,2
334337,2,1,0,6,6,6.0,12,50.0,0,0,0,0,0,2016,2016,True,,,,,,,,,,,,,2,0,0,0,0,0,0,0.0,0,0
337790,3,3,1,22,12,11.0,24,91.66,0,0,0,2,0,2022,2022,False,,,,,,,,,,,,,3,0,0,0,0,0,0,0.0,0,0
337913,13,3,1,12,7,6.0,11,109.09,0,0,0,2,0,2011,2013,False,,13,41.2,0,326,8,2/23,40.75,7.88,31.0,0,0,13,3,3,0,0,3,1,0.23,1,0
337916,11,8,1,99,38,14.14,89,111.23,0,0,0,10,2,2008,2012,True,,2,6.0,0,60,2,2/40,30.0,10.0,18.0,0,0,11,2,2,0,0,2,1,0.181,1,0
340063,1,,,,nan,,,,,,,,,2011,2011,True,,,,,,,,,,,,,1,1,0,1,0,0,1,1.0,0,1
340841,4,2,0,24,19,12.0,14,171.42,0,0,0,2,2,2016,2016,True,,,,,,,,,,,,,4,2,2,0,0,2,1,0.5,1,0
340854,9,8,1,123,41,17.57,119,103.36,0,0,0,10,3,2010,2024,True,,,,,,,,,,,,,9,3,3,0,0,3,2,0.333,2,0
342619,13,13,1,277,50,23.08,191,145.02,0,1,1,22,15,2022,2023,True,,,,,,,,,,,,,13,4,4,0,0,4,2,0.307,2,0
344580,52,22,8,180,24,12.85,169,106.5,0,0,4,19,2,2014,2024,True,,51,165.1,1,1349,52,4/16,25.94,8.16,19.0,1,0,52,12,12,0,0,12,1,0.23,1,0
348056,13,13,0,379,73,29.15,263,144.1,0,4,2,38,22,2023,2023,True,,6,7.0,0,59,0,,,8.42,,0,0,12,2,2,0,0,2,1,0.166,1,0
351588,5,3,1,12,10,6.0,8,150.0,0,0,0,1,1,2018,2023,False,,5,20.0,1,179,11,5/14,16.27,8.95,10.9,0,1,5,3,3,0,0,3,2,0.6,2,0
352048,2,1,0,19,19,19.0,15,126.66,0,0,0,1,1,2024,2024,True,,1,1.0,0,12,0,,,12.0,,0,0,2,1,1,0,0,1,1,0.5,1,0
353669,2,1,0,3,3,3.0,6,50.0,0,0,0,0,0,2011,2011,True,,2,6.0,0,65,3,2/31,21.66,10.83,12.0,0,0,2,1,1,0,0,1,1,0.5,1,0
355269,14,10,1,92,22,10.22,93,98.92,0,0,2,6,2,2014,2022,True,,13,36.0,0,334,8,3/12,41.75,9.27,27.0,0,0,14,2,2,0,0,2,1,0.142,1,0
360911,52,13,8,50,17,10.0,72,69.44,0,0,1,2,2,2011,2022,False,,50,165.4,2,1481,44,3/16,33.65,8.93,22.5,0,0,50,3,3,0,0,3,1,0.06,1,0
362541,1,1,1,12,12,,9,133.33,0,0,0,1,0,2012,2012,False,,1,4.0,0,32,3,3/32,10.66,8.0,8.0,0,0,1,1,1,0,0,1,1,1.0,1,0
371150,29,23,2,401,40,19.09,356,112.64,0,0,1,24,18,2011,2013,True,,12,18.2,0,144,3,2/20,48.0,7.85,36.6,0,0,29,5,5,0,0,5,1,0.172,1,0
371814,25,14,5,116,32,12.88,68,170.58,0,0,1,9,8,2012,2014,True,,25,96.0,1,757,33,4/26,22.93,7.88,17.4,1,0,25,12,12,0,0,12,2,0.48,2,0
375126,6,3,1,3,2,1.5,7,42.85,0,0,1,0,0,2019,2019,False,,6,23.0,0,222,7,2/39,31.71,9.65,19.7,0,0,6,0,0,0,0,0,0,0.0,0,0
376102,8,5,4,8,4,8.0,11,72.72,0,0,0,0,0,2009,2010,False,,7,17.0,0,171,6,2/18,28.5,10.05,17.0,0,0,8,0,0,0,0,0,0,0.0,0,0
376109,12,11,1,164,42,16.4,160,102.5,0,0,0,15,2,2012,2013,True,,,,,,,,,,,,,12,2,2,0,0,2,1,0.166,1,0
376116,148,52,31,208,24,9.9,201,103.48,0,0,8,16,9,2010,2024,False,,147,508.2,5,4317,144,4/23,29.97,8.49,21.1,3,0,147,38,38,0,0,38,2,0.258,2,0
376169,1,,,,nan,,,,,,,,,2013,2013,True,,1,4.0,0,62,0,,,15.5,,0,0,1,0,0,0,0,0,0,0.0,0,0
376324,23,8,4,36,15,9.0,47,76.59,0,0,2,2,1,2009,2018,True,,22,68.4,0,623,18,3/23,34.61,9.07,22.8,0,0,23,5,5,0,0,5,2,0.217,2,0
377437,2,1,0,6,6,6.0,7,85.71,0,0,0,1,0,2009,2009,True,,,,,,,,,,,,,2,2,2,0,2,0,2,1.0,2,0
377534,41,33,14,773,68,40.68,490,157.75,0,5,2,56,43,2022,2025,False,,4,5.0,0,52,1,1/5,52.0,10.4,30.0,0,0,41,17,17,0,0,17,2,0.414,2,0
378496,11,5,3,17,10,8.5,20,85.0,0,0,0,1,0,2013,2016,True,,11,33.0,0,271,4,1/20,67.75,8.21,49.5,0,0,11,3,3,0,0,3,1,0.272,1,0
379140,29,28,3,1080,92,43.2,773,139.71,0,11,3,116,34,2022,2025,False,,,,,,,,,,,,,29,10,10,0,0,10,2,0.344,2,0
379143,115,115,7,3309,140,30.63,2469,134.02,2,24,4,325,134,2013,2025,False,,,,,,,,,,,,,115,89,73,16,68,5,4,0.773,4,0
379145,5,1,1,2,2,,4,50.0,0,0,0,0,0,2016,2021,False,,5,20.0,0,181,3,1/21,60.33,9.05,40.0,0,0,5,1,1,0,0,1,1,0.2,1,0
379504,22,5,0,15,7,3.0,24,62.5,0,0,1,1,0,2016,2025,True,,22,77.5,0,652,31,6/19,21.03,8.37,15.0,0,1,22,1,1,0,0,1,1,0.045,1,0
379776,2,,,,nan,,,,,,,,,2023,2023,True,,2,6.0,0,51,1,1/37,51.0,8.5,36.0,0,0,2,1,1,0,0,1,1,0.5,1,0
379887,2,1,1,1,1,,2,50.0,0,0,0,0,0,2024,2024,False,,2,6.0,0,72,1,1/38,72.0,12.0,36.0,0,0,2,1,1,0,0,1,1,0.5,1,0
379927,7,3,2,1,1,1.0,3,33.33,0,0,1,0,0,2014,2015,False,,7,25.0,0,235,9,3/36,26.11,9.4,16.6,0,0,7,3,3,0,0,3,2,0.428,2,0
381743,15,15,2,351,63,27.0,267,131.46,0,2,0,28,10,2022,2024,True,,4,8.0,0,97,1,1/18,97.0,12.12,48.0,0,0,15,11,11,0,0,11,5,0.733,5,0
388678,3,3,0,40,20,13.33,35,114.28,0,0,0,7,0,2014,2014,True,,,,,,,,,,,,,3,3,3,0,0,3,2,1.0,2,0
389605,31,23,8,280,36,18.66,193,145.07,0,0,0,17,14,2012,2016,False,,20,43.4,0,396,18,3/25,22.0,9.06,14.5,0,0,31,9,9,0,0,9,2,0.29,2,0
390480,7,7,0,125,49,17.85,128,97.65,0,0,0,11,1,2013,2013,True,,,,,,,,,,,,,7,0,0,0,0,0,0,0.0,0,0
390481,119,46,17,270,36,9.31,229,117.9,0,0,9,16,15,2012,2025,False,,116,404.0,2,3579,151,5/27,23.7,8.85,16.0,4,1,117,28,28,0,0,28,2,0.239,2,0
390484,112,32,16,197,26,12.31,166,118.67,0,0,2,16,7,2010,2025,True,,111,379.0,3,3364,110,5/25,30.58,8.87,20.6,0,2,112,27,27,0,0,27,3,0.241,3,0
390547,7,4,3,19,14,19.0,23,82.6,0,0,0,2,0,2012,2014,True,,7,20.0,0,208,5,2/28,41.6,10.4,24.0,0,0,7,3,3,0,0,3,2,0.428,2,0
391121,9,2,1,3,3,3.0,5,60.0,0,0,0,0,0,2009,2011,True,,9,26.4,0,224,9,3/18,24.88,8.4,17.7,0,0,9,4,4,0,0,4,1,0.444,1,0
391128,27,6,2,18,14,4.5,12,150.0,0,0,2,3,0,2009,2013,True,,27,87.3,0,697,26,3/24,26.8,7.96,20.1,0,0,27,5,5,0,0,5,1,0.185,1,0
391485,46,27,6,259,47,12.33,211,122.74,0,0,2,13,18,2013,2023,False,,46,165.5,0,1461,53,4/52,27.56,8.81,18.7,1,0,46,14,14,0,0,14,2,0.304,2,0
393279,5,1,0,1,1,1.0,2,50.0,0,0,0,0,0,2012,2015,True,,5,18.0,1,169,5,3/34,33.8,9.38,21.6,0,0,5,0,0,0,0,0,0,0.0,0,0
398438,131,125,5,2756,106,22.96,2064,133.52,1,13,7,273,100,2011,2025,True,,,,,,,,,,,,,130,58,58,0,0,58,2,0.446,2,0
398439,84,76,5,1694,89,23.85,1286,131.72,0,11,5,185,49,2013,2025,True,,,,,,,,,,,,,83,25,25,0,0,25,3,0.301,3,0
398506,111,98,16,1706,77,20.8,1388,122.91,0,6,15,176,38,2010,2023,False,,2,2.0,0,26,0,,,13.0,,0,0,110,38,38,0,0,38,3,0.345,3,0
398666,3,3,0,22,14,7.33,18,122.22,0,0,0,1,2,2015,2022,True,,3,9.0,0,104,1,1/47,104.0,11.55,54.0,0,0,3,1,1,0,0,1,1,0.333,1,0
403902,49,47,7,1051,94,26.27,662,158.76,0,7,3,70,75,2019,2025,True,,27,52.0,0,469,13,3/27,36.07,9.01,24.0,0,0,49,22,22,0,0,22,2,0.448,2,0
422106,1,,,,nan,,,,,,,,,2011,2011,True,,1,2.0,0,21,0,,,10.5,,0,0,1,0,0,0,0,0,0,0.0,0,0
422108,145,136,23,5222,132,46.21,3839,136.02,5,40,4,452,208,2013,2025,False,,,,,,,,,,,,,144,88,81,7,59,22,3,0.611,3,0
422342,1,1,0,15,15,15.0,13,115.38,0,0,0,1,1,2019,2019,True,,,,,,,,,,,,,1,0,0,0,0,0,0,0.0,0,0
422847,1,,,,nan,,,,,,,,,2013,2013,True,,1,4.0,0,34,1,1/34,34.0,8.5,24.0,0,0,1,0,0,0,0,0,0,0.0,0,0
422992,22,10,3,87,30,12.42,67,129.85,0,0,1,7,4,2012,2018,True,,21,61.1,0,450,12,2/20,37.5,7.35,30.5,0,0,22,4,4,0,0,4,1,0.181,1,0
423838,108,77,29,1112,53,23.16,811,137.11,0,1,3,90,54,2014,2025,True,,52,140.3,0,1111,32,3/18,34.71,7.9,26.3,0,0,108,42,42,0,0,42,4,0.388,4,0
424219,2,1,1,2,2,,2,100.0,0,0,0,0,0,2015,2015,False,,2,5.5,0,59,1,1/31,59.0,10.11,35.0,0,0,2,1,1,0,0,1,1,0.5,1,0
424377,36,27,9,247,33,13.72,148,166.89,0,0,2,15,17,2018,2024,False,,35,98.0,1,808,21,2/12,38.47,8.24,28.0,0,0,35,17,17,0,0,17,2,0.485,2,0
425943,177,172,20,4704,119,30.94,3383,139.04,3,26,11,379,219,2013,2025,True,,,,,,,,,,,,,176,103,86,17,63,23,4,0.585,2,2
430125,9,8,3,125,55,25.0,113,110.61,0,1,1,13,2,2012,2013,True,,,,,,,,,,,,,9,3,3,0,0,3,2,0.333,2,0
430246,174,20,13,37,8,5.28,86,43.02,0,0,1,0,0,2013,2025,False,,172,631.5,4,5032,221,5/40,22.76,7.96,17.1,8,1,173,32,32,0,0,32,3,0.184,3,0
430401,8,7,2,39,14,7.8,23,169.56,0,0,2,5,2,2011,2012,True,,3,6.3,0,63,0,,,9.69,,0,0,8,2,2,0,0,2,2,0.25,2,0
431213,5,,,,nan,,,,,,,,,2013,2015,True,,5,16.0,0,151,2,1/21,75.5,9.43,48.0,0,0,5,1,1,0,0,1,1,0.2,1,0
431876,3,2,2,12,11,,9,133.33,0,0,0,0,1,2012,2013,False,,3,9.0,0,81,0,,,9.0,,0,0,3,1,1,0,0,1,1,0.333,1,0
431901,27,26,2,654,65,27.25,477,137.1,0,4,2,62,36,2018,2022,True,,,,,,,,,,,,,27,9,9,0,0,9,2,0.333,2,0
432783,20,11,2,144,33,16.0,118,122.03,0,0,1,11,5,2013,2025,True,,2,1.4,0,8,2,2/4,4.0,4.8,5.0,0,0,20,5,5,0,0,5,2,0.25,2,0
433410,17,2,1,6,6,6.0,7,85.71,0,0,1,0,1,2011,2013,False,,15,49.2,0,397,12,4/22,33.08,8.04,24.6,1,0,17,1,1,0,0,1,1,0.058,1,0
436757,49,45,8,1480,105,40.0,872,169.72,2,7,1,98,89,2018,2025,False,,,,,,,,,,,,,49,28,21,7,19,2,4,0.571,1,3
437316,3,3,1,26,17,13.0,26,100.0,0,0,1,2,1,2023,2023,True,,,,,,,,,,,,,3,2,2,0,0,2,1,0.666,1,0
438362,137,28,22,60,9,10.0,75,80.0,0,0,4,4,0,2013,2025,True,,136,506.5,8,4070,146,5/18,27.87,8.03,20.8,2,1,136,22,22,0,0,22,2,0.161,2,0
439952,81,51,23,618,82,22.07,398,155.27,0,2,9,41,35,2013,2021,False,,81,286.4,1,2295,95,4/23,24.15,8.0,18.1,4,0,81,38,38,0,0,38,2,0.469,2,0
446499,21,20,0,300,58,15.0,300,100.0,0,1,4,32,9,2011,2016,True,,,,,,,,,,,,,21,8,8,0,0,8,2,0.38,2,0
446507,166,151,28,4311,103,35.04,2900,148.65,2,29,10,454,168,2012,2025,False,,1,1.0,0,8,0,,,8.0,,0,0,166,74,74,0,0,74,3,0.445,3,0
446548,2,,,,nan,,,,,,,,,2016,2016,True,,2,7.0,0,54,2,2/31,27.0,7.71,21.0,0,0,2,0,0,0,0,0,0,0.0,0,0
446763,100,98,11,2291,93,26.33,1662,137.84,0,12,4,229,85,2017,2025,True,,1,1.0,0,12,0,,,12.0,,0,0,100,34,34,0,0,34,3,0.34,3,0
447261,95,17,9,117,39,14.62,84,139.28,0,0,4,5,8,2016,2025,True,,95,319.1,7,2597,88,4/13,29.51,8.13,21.7,2,0,95,15,15,0,0,15,2,0.157,2,0
447439,25,1,0,0,0,0.0,2,0.0,0,0,1,0,0,2013,2015,True,,24,77.0,4,591,18,2/23,32.83,7.67,25.6,0,0,25,6,6,0,0,6,1,0.24,1,0
447587,20,5,1,40,23,10.0,36,111.11,0,0,0,2,1,2015,2023,True,,20,65.0,0,445,8,1/8,55.62,6.84,48.7,0,0,20,7,7,0,0,7,2,0.35,2,0
450860,10,6,2,23,15,5.75,29,79.31,0,0,1,0,1,2016,2022,True,,10,34.3,0,327,7,2/21,46.71,9.47,29.5,0,0,10,7,7,0,0,7,2,0.7,2,0
452044,24,23,3,284,46,14.2,321,88.47,0,0,0,23,1,2013,2019,True,,6,7.0,0,47,1,1/5,47.0,6.71,42.0,0,0,24,6,6,0,0,6,1,0.25,1,0
457249,16,14,1,181,43,13.92,111,163.06,0,0,0,10,16,2016,2019,False,,16,42.2,0,379,13,3/47,29.15,8.95,19.5,0,0,16,5,5,0,0,5,1,0.312,1,0
459257,10,5,1,8,6,2.0,14,57.14,0,0,2,0,1,2017,2022,True,,10,34.5,0,343,11,3/35,31.18,9.84,19.0,0,0,10,1,1,0,0,1,1,0.1,1,0
459508,30,13,4,91,25,10.11,76,119.73,0,0,2,6,5,2017,2022,True,,30,114.0,0,979,42,5/17,23.3,8.58,16.2,3,1,30,8,8,0,0,8,2,0.266,2,0
461632,6,1,1,3,3,,6,50.0,0,0,0,0,0,2023,2025,False,,6,20.0,0,222,5,2/27,44.4,11.1,24.0,0,0,6,2,2,0,0,2,1,0.333,1,0
470633,4,3,0,48,20,16.0,54,88.88,0,0,0,7,1,2024,2024,True,,,,,,,,,,,,,3,1,1,0,0,1,1,0.333,1,0
471342,142,118,39,1756,86,22.22,1326,132.42,0,2,7,153,65,2016,2025,True,,132,399.4,1,2985,93,4/45,32.09,7.46,25.7,1,0,141,52,52,0,0,52,2,0.368,2,0
473191,3,1,1,2,2,,2,100.0,0,0,0,0,0,2024,2025,False,,3,11.2,0,110,2,1/30,55.0,9.7,34.0,0,0,3,0,0,0,0,0,0,0.0,0,0
475281,105,42,14,325,68,11.6,233,139.48,0,1,8,30,13,2015,2025,True,,102,345.0,3,3244,107,4/34,30.31,9.4,19.3,2,0,105,36,36,0,0,36,2,0.342,2,0
477021,78,65,18,1233,69,26.23,950,129.78,0,7,2,88,48,2014,2025,False,,22,39.4,0,344,9,2/19,38.22,8.67,26.4,0,0,78,31,31,0,0,31,2,0.397,2,0
477069,3,3,0,21,15,7.0,30,70.0,0,0,1,2,0,2022,2022,True,,,,,,,,,,,,,3,1,1,0,1,0,1,0.333,1,0
481896,119,29,15,84,21,6.0,89,94.38,0,0,4,7,2,2013,2025,True,,119,434.2,3,3749,133,4/11,28.18,8.63,19.5,2,0,119,21,21,0,0,21,2,0.176,2,0
481979,48,17,11,49,23,8.16,49,100.0,0,0,2,6,0,2020,2025,False,,48,182.4,1,1657,61,3/33,27.16,9.07,17.9,0,0,48,11,11,0,0,11,1,0.229,1,0
489889,72,50,20,612,66,20.4,402,152.23,0,3,4,39,41,2014,2025,False,,72,269.3,2,2373,79,4/34,30.03,8.8,20.4,1,0,72,20,20,0,0,20,2,0.277,2,0
493773,49,11,8,72,24,24.0,47,153.19,0,0,1,7,2,2017,2025,False,,49,170.3,1,1530,51,4/28,30.0,8.97,20.0,1,0,49,9,9,0,0,9,2,0.183,2,0
495551,6,1,0,0,0,0.0,2,0.0,0,0,1,0,0,2020,2020,True,,6,20.0,1,176,6,2/17,29.33,8.8,20.0,0,0,6,0,0,0,0,0,0,0.0,0,0
497121,125,101,16,1496,64,17.6,1172,127.64,0,8,5,98,62,2015,2025,True,,34,63.1,0,546,10,2/16,54.6,8.64,37.9,0,0,125,55,55,0,0,55,3,0.44,3,0
499660,3,,,,nan,,,,,,,,,2015,2015,True,,2,8.0,0,82,1,1/33,82.0,10.25,48.0,0,0,3,0,0,0,0,0,0,0.0,0,0
500135,2,1,0,8,8,8.0,6,133.33,0,0,0,2,0,2018,2019,True,,,,,,,,,,,,,2,0,0,0,0,0,0,0.0,0,0
500268,6,6,1,24,16,4.8,28,85.71,0,0,3,0,2,2019,2024,True,,,,,,,,,,,,,6,0,0,0,0,0,0,0.0,0,0
500360,14,10,0,90,24,9.0,98,91.83,0,0,1,7,2,2016,2019,True,,,,,,,,,,,,,14,2,2,0,0,2,1,0.142,1,0
502714,31,19,11,110,22,13.75,104,105.76,0,0,1,6,6,2019,2025,True,,31,100.3,0,735,25,3/11,29.4,7.31,24.1,0,0,31,14,14,0,0,14,2,0.451,2,0
506612,6,,,,nan,,,,,,,,,2017,2024,True,,6,17.0,0,181,2,1/28,90.5,10.64,51.0,0,0,6,0,0,0,0,0,0,0.0,0,0
510530,3,2,2,15,11,,7,214.28,0,0,0,1,1,2025,2025,False,,3,6.0,0,83,0,,,13.83,,0,0,3,0,0,0,0,0,0,0.0,0,0
527299,5,3,2,25,15,25.0,20,125.0,0,0,0,1,1,2017,2017,False,,5,16.5,2,144,5,2/17,28.8,8.55,20.2,0,0,5,0,0,0,0,0,0,0.0,0,0
527663,22,10,6,70,34,17.5,61,114.75,0,0,1,6,3,2015,2022,False,,21,70.0,0,602,19,2/12,31.68,8.6,22.1,0,0,22,10,10,0,0,10,2,0.454,2,0
528067,44,13,4,35,9,3.88,50,70.0,0,0,2,2,1,2016,2023,True,,44,145.0,0,1162,35,3/21,33.2,8.01,24.8,0,0,44,7,7,0,0,7,2,0.159,2,0
528967,9,1,0,0,0,0.0,1,0.0,0,0,1,0,0,2012,2012,True,,9,34.0,0,296,10,2/31,29.6,8.7,20.4,0,0,9,0,0,0,0,0,0,0.0,0,0
528985,6,2,1,1,1,1.0,3,33.33,0,0,0,0,0,2015,2015,True,,6,14.0,0,101,4,2/18,25.25,7.21,21.0,0,0,6,0,0,0,0,0,0,0.0,0,0
529436,10,9,2,199,78,28.42,163,122.08,0,1,1,12,8,2021,2022,False,,,,,,,,,,,,,10,5,4,1,4,0,2,0.5,2,0
530011,38,37,4,1146,102,34.72,674,170.02,1,8,5,126,55,2016,2025,True,,6,9.4,0,113,2,2/30,56.5,11.68,29.0,0,0,38,6,6,0,0,6,3,0.157,3,0
530773,50,35,9,365,36,14.03,289,126.29,0,0,3,27,16,2012,2019,True,,42,119.2,0,939,34,4/18,27.61,7.86,21.0,1,0,50,15,15,0,0,15,2,0.3,2,0
530812,1,1,1,16,16,,10,160.0,0,0,0,1,1,2023,2023,False,,1,4.0,0,40,1,1/40,40.0,10.0,24.0,0,0,1,0,0,0,0,0,0,0.0,0,0
532856,56,51,2,1083,95,22.1,829,130.63,0,3,3,104,43,2013,2023,True,,,,,,,,,,,,,55,13,13,0,0,13,1,0.236,1,0
533042,6,1,1,5,5,,2,250.0,0,0,0,1,0,2017,2018,False,,6,24.0,0,200,7,2/21,28.57,8.33,20.5,0,0,6,1,1,0,0,1,1,0.166,1,0
536936,1,1,0,4,4,4.0,4,100.0,0,0,0,1,0,2023,2023,True,,,,,,,,,,,,,1,0,0,0,0,0,0,0.0,0,0
537119,120,33,15,125,21,6.94,136,91.91,0,0,5,8,4,2013,2025,False,,119,400.3,0,3513,134,5/10,26.21,8.77,17.9,3,1,120,29,29,0,0,29,2,0.241,2,0
537124,41,32,8,511,65,21.29,422,121.09,0,2,4,55,11,2012,2020,True,,6,13.0,0,97,5,2/15,19.4,7.46,15.6,0,0,41,20,19,1,0,19,3,0.487,3,0
537126,24,9,8,10,3,10.0,14,71.42,0,0,0,0,0,2015,2019,False,,24,80.3,0,757,18,3/28,42.05,9.4,26.8,0,0,24,4,4,0,0,4,2,0.166,2,0
539548,2,,,,nan,,,,,,,,,2019,2019,True,,2,8.0,0,71,2,2/37,35.5,8.87,24.0,0,0,2,0,0,0,0,0,0,0.0,0,0
542023,16,1,1,0,0,,2,0.0,0,0,0,0,0,2018,2025,False,,16,62.0,2,529,29,4/10,18.24,8.53,12.8,1,0,16,2,2,0,0,2,1,0.125,1,0
545467,1,,,,nan,,,,,,,,,2018,2018,True,,1,3.0,0,34,0,,,11.33,,0,0,1,0,0,0,0,0,0,0.0,0,0
550215,84,33,15,215,44,11.94,201,106.96,0,0,4,16,9,2017,2025,True,,84,317.0,2,2732,119,4/21,22.95,8.61,15.9,6,0,84,30,30,0,0,30,3,0.357,3,0
550235,13,10,5,127,54,25.4,107,118.69,0,1,0,10,3,2018,2021,False,,13,39.4,0,430,13,3/29,33.07,10.84,18.3,0,0,13,2,2,0,0,2,1,0.153,1,0
552152,19,11,7,53,17,13.25,42,126.19,0,0,2,3,3,2022,2025,True,,18,62.0,0,603,13,2/17,46.38,9.72,28.6,0,0,18,3,3,0,0,3,1,0.166,1,0
554691,162,124,37,1916,66,22.02,1430,133.98,0,3,7,130,94,2014,2025,True,,159,550.3,2,4046,128,4/21,31.6,7.34,25.8,1,0,161,76,76,0,0,76,3,0.472,3,0
554699,3,2,0,29,16,14.5,26,111.53,0,0,0,3,1,2014,2014,True,,,,,,,,,,,,,3,0,0,0,0,0,0,0.0,0,0
554700,4,4,0,31,22,7.75,50,62.0,0,0,0,2,0,2016,2020,True,,,,,,,,,,,,,4,3,3,0,2,1,1,0.75,1,0
559066,8,2,0,7,6,3.5,17,41.17,0,0,0,0,0,2018,2019,True,,8,30.1,1,202,9,3/26,22.44,6.69,20.1,0,0,8,0,0,0,0,0,0,0.0,0,0
559235,98,38,23,201,35,13.4,232,86.63,0,0,5,18,3,2016,2025,False,,95,342.0,1,2749,102,4/14,26.95,8.03,20.1,4,0,97,20,20,0,0,20,2,0.206,2,0
573170,2,1,1,9,9,,3,300.0,0,0,0,0,1,2024,2024,False,,2,6.0,0,93,1,1/68,93.0,15.5,36.0,0,0,2,0,0,0,0,0,0,0.0,0,0
573930,1,,,,nan,,,,,,,,,2021,2021,True,,1,3.0,0,32,1,1/32,32.0,10.66,18.0,0,0,1,0,0,0,0,0,0,0.0,0,0
574178,1,1,1,4,4,,5,80.0,0,0,0,0,0,2018,2018,False,,1,4.0,0,47,0,,,11.75,,0,0,1,0,0,0,0,0,0,0.0,0,0
581379,9,9,1,183,41,22.87,122,150.0,0,0,0,12,12,2024,2024,True,,,,,,,,,,,,,9,6,6,0,0,6,3,0.666,3,0
587152,33,6,4,18,7,9.0,39,46.15,0,0,0,1,0,2013,2016,False,,33,110.0,0,853,28,4/20,30.46,7.75,23.5,1,0,33,4,4,0,0,4,1,0.121,1,0
590327,2,2,0,13,8,6.5,17,76.47,0,0,0,0,1,2018,2019,True,,,,,,,,,,,,,2,0,0,0,0,0,0,0.0,0,0
591650,29,7,2,26,8,5.2,41,63.41,0,0,0,2,1,2013,2020,True,,29,88.1,1,814,24,5/14,33.91,9.23,22.0,0,1,29,4,4,0,0,4,1,0.137,1,0
592735,10,,,,nan,,,,,,,,,2019,2024,True,,10,28.0,0,253,8,3/15,31.62,9.03,21.0,0,0,10,1,1,0,0,1,1,0.1,1,0
594322,3,2,0,47,27,23.5,32,146.87,0,0,0,3,3,2025,2025,True,,2,7.0,0,55,1,1/26,55.0,7.85,42.0,0,0,3,1,1,0,0,1,1,0.333,1,0
595267,1,1,0,14,14,14.0,12,116.66,0,0,0,1,1,2025,2025,True,,,,,,,,,,,,,1,0,0,0,0,0,0,0.0,0,0
595954,1,,,,nan,,,,,,,,,2023,2023,True,,1,4.0,0,53,1,1/53,53.0,13.25,24.0,0,0,1,2,2,0,0,2,2,2.0,2,0
595978,32,30,13,705,71,41.47,432,163.19,0,3,2,51,37,2022,2025,False,,5,6.0,0,69,4,2/11,17.25,11.5,9.0,0,0,31,18,17,1,3,14,4,0.58,3,1
596010,14,7,1,31,12,5.16,33,93.93,0,0,1,2,2,2024,2025,True,,14,45.3,0,472,15,4/34,31.46,10.37,18.2,1,0,14,4,4,0,0,4,1,0.285,1,0
600498,57,55,9,1440,68,31.3,1066,135.08,0,10,2,111,57,2021,2025,False,,19,31.1,0,274,6,2/30,45.66,8.79,31.1,0,0,57,32,32,0,0,32,3,0.561,3,0
604302,90,87,20,2293,87,34.22,1357,168.97,0,14,9,157,167,2019,2025,False,,,,,,,,,,,,,89,44,40,4,14,26,3,0.494,3,0
604527,118,112,10,2853,87,27.97,2086,136.76,0,20,7,261,141,2016,2025,True,,26,32.0,0,270,10,2/11,27.0,8.43,19.2,0,0,118,26,26,0,0,26,2,0.22,2,0
605575,6,6,0,117,36,19.5,92,127.17,0,0,0,15,4,2023,2023,True,,3,4.0,0,25,0,,,6.25,,0,0,6,3,3,0,0,3,1,0.5,1,0
605661,14,14,1,388,62,29.84,257,150.97,0,3,0,47,17,2025,2025,False,,,,,,,,,,,,,14,16,11,5,11,0,3,1.142,1,2
625371,152,140,43,2749,91,28.34,1871,146.92,0,10,6,207,148,2015,2025,True,,107,271.2,0,2492,78,5/36,31.94,9.18,20.8,0,1,152,72,72,0,0,72,3,0.473,3,0
625383,145,31,24,68,16,9.71,79,86.07,0,0,5,5,1,2013,2025,False,,145,556.1,8,4031,183,5/10,22.02,7.24,18.2,3,2,145,18,18,0,0,18,2,0.124,2,0
625960,13,9,5,65,16,16.25,60,108.33,0,0,0,5,3,2021,2025,False,,13,43.0,1,416,14,3/41,29.71,9.67,18.4,0,0,13,2,2,0,0,2,2,0.153,2,0
625964,3,3,0,26,21,8.66,23,113.04,0,0,0,4,0,2021,2022,True,,,,,,,,,,,,,3,1,1,0,0,1,1,0.333,1,0
629074,1,1,0,20,20,20.0,10,200.0,0,0,0,1,2,2025,2025,True,,,,,,,,,,,,,1,1,1,0,1,0,1,1.0,1,0
642519,133,132,23,3731,97,34.22,2798,133.34,0,27,7,314,152,2015,2025,False,,1,1.0,0,7,0,,,7.0,,0,0,132,56,56,0,0,56,2,0.424,2,0
642525,50,37,11,585,67,22.5,448,130.58,0,1,3,63,14,2015,2023,True,,1,0.2,0,6,0,,,18.0,,0,0,49,10,10,0,2,8,2,0.204,2,0
642531,4,4,0,10,7,2.5,26,38.46,0,0,2,0,0,2018,2024,True,,,,,,,,,,,,,4,0,0,0,0,0,0,0.0,0,0
643433,5,3,2,2,2,2.0,4,50.0,0,0,1,0,0,2021,2021,False,,5,15.0,0,135,3,1/27,45.0,9.0,30.0,0,0,5,1,1,0,0,1,1,0.2,1,0
662235,11,11,2,278,73,30.88,171,162.57,0,1,0,26,16,2025,2025,True,,,,,,,,,,,,,11,10,9,1,9,0,2,0.909,2,0
662973,64,53,13,997,88,24.92,731,136.38,0,6,4,85,41,2019,2025,True,,63,208.5,0,2033,59,4/11,34.45,9.73,21.2,1,0,64,25,25,0,0,25,2,0.39,2,0
669365,34,34,3,1056,89,34.06,601,175.7,0,10,3,122,56,2023,2025,False,,,,,,,,,,,,,34,26,26,0,17,9,3,0.764,3,0
669855,52,32,13,262,30,13.78,178,147.19,0,0,5,14,18,2018,2025,True,,52,203.0,3,1602,59,3/15,27.15,7.89,20.6,0,0,52,11,11,0,0,11,2,0.211,2,0
670013,5,4,2,14,8,7.0,19,73.68,0,0,0,1,0,2021,2022,True,,4,15.0,1,136,2,1/22,68.0,9.06,45.0,0,0,5,2,2,0,0,2,1,0.4,1,0
670025,86,79,28,1482,75,29.05,976,151.84,0,5,3,93,93,2019,2025,True,,,,,,,,,,,,,86,45,45,0,0,45,3,0.523,3,0
670031,22,7,6,27,15,27.0,32,84.37,0,0,1,3,0,2019,2024,False,,22,72.2,1,691,21,6/12,32.9,9.55,20.6,0,1,22,4,4,0,0,4,1,0.181,1,0
677077,18,12,5,185,53,26.42,87,212.64,0,1,2,12,17,2022,2025,False,,15,35.0,0,408,10,2/14,40.8,11.65,21.0,0,0,18,4,4,0,0,4,2,0.222,2,0
677081,8,6,1,18,7,3.6,24,75.0,0,0,2,1,1,2019,2019,True,,8,27.1,0,237,9,3/17,26.33,8.72,18.1,0,0,8,5,5,0,0,5,2,0.625,2,0
694209,1,,,,nan,,,,,,,,,2020,2020,True,,1,2.0,0,20,0,,,10.0,,0,0,1,0,0,0,0,0,0,0.0,0,0
694211,76,14,11,62,19,20.66,37,167.56,0,0,1,6,4,2017,2025,False,,75,269.5,1,2461,87,4/24,28.28,9.12,18.6,1,0,75,13,13,0,0,13,1,0.173,1,0
696401,35,21,10,141,34,12.81,129,109.3,0,0,3,8,6,2021,2025,False,,35,122.1,1,1149,36,3/17,31.91,9.4,20.3,0,0,35,21,21,0,0,21,3,0.6,3,0
698189,1,1,0,9,9,9.0,11,81.81,0,0,0,1,0,2025,2025,True,,1,1.0,0,16,0,,,16.0,,0,0,1,1,1,0,0,1,1,1.0,1,0
698315,3,3,0,9,7,3.0,14,64.28,0,0,0,0,0,2024,2025,True,,,,,,,,,,,,,3,1,1,0,0,1,1,0.333,1,0
700167,32,7,3,33,12,8.25,37,89.18,0,0,0,3,0,2019,2023,False,,32,109.4,1,974,23,3/40,42.34,8.88,28.6,0,0,32,8,8,0,0,8,1,0.25,1,0
714451,79,75,14,1859,95,30.47,1294,143.66,0,10,3,108,122,2019,2025,False,,15,20.4,0,213,5,2/15,42.6,10.3,24.8,0,0,79,23,23,0,0,23,2,0.291,2,0
717201,5,2,1,5,4,5.0,3,166.66,0,0,0,1,0,2014,2015,True,,5,19.0,0,165,4,2/26,41.25,8.68,28.5,0,0,5,1,1,0,0,1,1,0.2,1,0
719715,66,45,12,511,49,15.48,405,126.17,0,0,3,42,16,2017,2025,True,,63,186.3,1,1436,39,3/16,36.82,7.69,28.6,0,0,66,15,15,0,0,15,2,0.227,2,0
719719,55,49,15,732,58,21.52,491,149.08,0,2,3,46,50,2021,2025,True,,3,3.0,0,28,1,1/13,28.0,9.33,18.0,0,0,55,25,25,0,0,25,3,0.454,3,0
720465,3,2,0,15,11,7.5,26,57.69,0,0,0,1,0,2021,2021,True,,,,,,,,,,,,,3,2,2,0,0,2,2,0.666,2,0
720471,119,112,9,2998,106,29.1,2178,137.64,1,17,9,288,134,2016,2025,False,,1,0.1,0,4,0,,,24.0,,0,0,119,64,59,5,49,10,4,0.537,4,0
721867,55,47,8,991,85,25.41,631,157.05,0,1,2,77,62,2022,2025,False,,,,,,,,,,,,,55,49,44,5,43,1,4,0.89,4,0
723105,59,51,15,1099,67,30.52,757,145.17,0,4,0,87,56,2018,2025,False,,,,,,,,,,,,,58,38,38,0,0,38,4,0.655,4,0
732291,25,8,7,32,13,32.0,35,91.42,0,0,0,1,1,2017,2022,False,,25,86.5,1,846,22,3/29,38.45,9.74,23.6,0,0,25,5,5,0,0,5,1,0.2,1,0
732293,6,6,0,56,30,9.33,57,98.24,0,0,0,3,3,2017,2023,True,,,,,,,,,,,,,6,2,0,2,0,0,2,0.333,0,2
774223,4,3,0,17,15,5.66,26,65.38,0,0,1,2,0,2021,2024,True,,4,15.0,0,157,3,2/41,52.33,10.46,30.0,0,0,4,1,1,0,0,1,1,0.25,1,0
777515,5,2,1,23,16,23.0,33,69.69,0,0,0,2,0,2020,2025,True,,5,13.0,0,111,2,1/19,55.5,8.53,39.0,0,0,5,1,1,0,0,1,1,0.2,1,0
777537,11,5,2,24,12,8.0,21,114.28,0,0,0,0,2,2015,2019,False,,11,36.0,0,348,8,2/16,43.5,9.66,27.0,0,0,11,3,3,0,0,3,1,0.272,1,0
777815,16,4,2,14,13,7.0,12,116.66,0,0,2,0,1,2023,2025,False,,16,55.3,0,576,17,3/20,33.88,10.37,19.5,0,0,16,5,5,0,0,5,2,0.312,2,0
778963,27,20,1,292,43,15.36,235,124.25,0,0,2,23,14,2022,2025,True,,,,,,,,,,,,,27,16,16,0,0,16,2,0.592,2,0
784373,5,5,2,92,32,30.66,69,133.33,0,0,1,7,2,2025,2025,False,,4,7.0,0,60,2,1/4,30.0,8.57,21.0,0,0,5,1,1,0,0,1,1,0.2,1,0
784379,37,19,4,81,18,5.4,88,92.04,0,0,5,7,1,2021,2025,True,,37,133.0,1,1119,46,5/18,24.32,8.41,17.3,2,1,37,5,5,0,0,5,2,0.135,2,0
787073,1,,,,nan,,,,,,,,,2020,2020,True,,1,2.5,0,24,0,,,8.47,,0,0,1,0,0,0,0,0,0,0.0,0,0
793447,18,6,5,18,13,18.0,25,72.0,0,0,0,2,0,2023,2024,True,,17,64.3,0,591,25,4/38,23.64,9.16,15.4,1,0,17,6,6,0,0,6,2,0.352,2,0
793463,136,68,26,585,79,13.92,365,160.27,0,1,16,41,41,2017,2025,False,,136,531.3,4,3766,158,4/24,23.83,7.08,20.1,2,0,136,49,49,0,0,49,3,0.36,3,0
793467,1,,,,nan,,,,,,,,,2025,2025,True,,1,1.0,0,30,0,,,30.0,,0,0,1,0,0,0,0,0,0,0.0,0,0
802575,63,4,4,3,3,,5,60.0,0,0,0,0,0,2017,2025,False,,62,225.5,2,2018,67,4/19,30.11,8.93,20.2,1,0,62,9,9,0,0,9,1,0.145,1,0
805235,3,,,,nan,,,,,,,,,2025,2025,True,,,,,,,,,,,,,3,1,1,0,0,1,1,0.333,1,0
819429,16,9,1,99,21,12.37,74,133.78,0,0,0,8,5,2024,2025,False,,15,48.0,0,465,12,2/27,38.75,9.68,24.0,0,0,16,1,1,0,0,1,1,0.062,1,0
820351,29,23,3,365,67,18.25,249,146.58,0,1,2,22,28,2022,2025,False,,2,3.0,0,35,1,1/18,35.0,11.66,18.0,0,0,28,18,18,0,0,18,4,0.642,4,0
820691,6,6,3,51,25,17.0,44,115.9,0,0,1,1,5,2022,2022,False,,6,15.0,0,178,6,4/30,29.66,11.86,15.0,1,0,6,2,2,0,0,2,1,0.333,1,0
822553,46,8,6,28,20,14.0,22,127.27,0,0,0,2,1,2020,2025,False,,46,160.5,0,1583,51,4/27,31.03,9.84,18.9,1,0,46,8,8,0,0,8,1,0.173,1,0
823509,8,8,1,65,25,9.28,55,118.18,0,0,1,3,6,2021,2023,True,,4,5.0,0,40,2,1/10,20.0,8.0,15.0,0,0,8,2,2,0,0,2,1,0.25,1,0
823703,42,38,2,1111,112,30.86,720,154.3,1,9,1,76,68,2021,2025,False,,,,,,,,,,,,,42,10,10,0,0,10,2,0.238,2,0
826901,16,13,4,44,15,4.88,44,100.0,0,0,3,1,3,2020,2022,True,,16,60.0,0,523,14,4/30,37.35,8.71,25.7,1,0,16,10,10,0,0,10,2,0.625,2,0
826915,17,5,1,19,12,4.75,25,76.0,0,0,2,0,1,2021,2025,True,,17,63.0,0,546,19,4/30,28.73,8.66,19.8,1,0,17,2,2,0,0,2,1,0.117,1,0
851261,9,9,0,139,36,15.44,115,120.86,0,0,1,19,3,2021,2024,True,,,,,,,,,,,,,9,1,1,0,1,0,1,0.111,1,0
851403,62,56,7,1468,104,29.95,1069,137.32,1,12,2,136,65,2021,2025,True,,9,13.3,0,143,3,2/29,47.66,10.59,27.0,0,0,61,22,22,0,0,22,2,0.36,2,0
853259,2,,,,nan,,,,,,,,,2017,2017,True,,2,4.0,0,15,1,1/7,15.0,3.75,24.0,0,0,2,0,0,0,0,0,0,0.0,0,0
853265,40,35,6,527,54,18.17,373,141.28,0,1,3,33,30,2018,2024,False,,11,15.0,0,127,1,1/22,127.0,8.46,90.0,0,0,40,10,10,0,0,10,1,0.25,1,0
877051,2,2,0,18,10,9.0,20,90.0,0,0,0,1,1,2020,2020,True,,,,,,,,,,,,,2,0,0,0,0,0,0,0.0,0,0
892749,50,44,18,846,50,32.53,488,173.36,0,1,3,54,60,2021,2025,False,,,,,,,,,,,,,50,29,29,0,0,29,4,0.58,4,0
897549,21,19,2,463,100,27.23,303,152.8,1,2,0,38,29,2024,2025,False,,13,23.0,0,220,8,2/14,27.5,9.56,17.2,0,0,21,9,9,0,0,9,2,0.428,2,0
906783,8,1,0,8,8,8.0,5,160.0,0,0,0,0,1,2022,2023,True,,8,26.5,0,250,11,3/23,22.72,9.31,14.6,0,0,8,1,1,0,0,1,1,0.125,1,0
911707,11,11,2,190,100,21.11,154,123.37,1,0,3,23,4,2023,2023,False,,,,,,,,,,,,,11,3,3,0,0,3,1,0.272,1,0
914541,23,20,4,397,46,24.81,289,137.37,0,0,1,25,26,2019,2025,True,,6,6.5,0,59,1,1/6,59.0,8.63,41.0,0,0,23,6,6,0,0,6,1,0.26,1,0
914567,4,,,,nan,,,,,,,,,2019,2019,True,,4,10.0,0,79,5,2/6,15.8,7.9,12.0,0,0,4,1,1,0,0,1,1,0.25,1,0
917159,66,10,7,9,4,3.0,24,37.5,0,0,2,0,0,2018,2025,False,,66,249.5,3,2191,74,4/30,29.6,8.76,20.2,2,0,66,14,14,0,0,14,2,0.212,2,0
917213,10,2,1,0,0,0.0,1,0.0,0,0,1,0,0,2016,2017,False,,10,34.0,0,297,6,3/20,49.5,8.73,34.0,0,0,10,0,0,0,0,0,0,0.0,0,0
917231,1,1,0,2,2,2.0,5,40.0,0,0,0,0,0,2024,2024,True,,,,,,,,,,,,,1,1,1,0,1,0,1,1.0,1,0
926851,32,5,4,10,6,10.0,18,55.55,0,0,0,0,0,2023,2025,False,,32,106.0,1,1102,36,4/33,30.61,10.39,17.6,1,0,32,9,9,0,0,9,2,0.281,2,0
928067,11,,,,nan,,,,,,,,,2023,2024,True,,11,38.0,0,339,11,4/45,30.81,8.92,20.7,1,0,11,5,5,0,0,5,2,0.454,2,0
930189,27,21,5,305,48,19.06,290,105.17,0,0,1,27,7,2021,2024,False,,19,48.0,0,425,10,2/11,42.5,8.85,28.8,0,0,27,16,16,0,0,16,2,0.592,2,0
931581,125,123,19,3553,128,34.16,2407,147.61,2,19,6,319,170,2016,2025,False,,,,,,,,,,,,,125,104,80,24,77,3,4,0.832,2,2
940973,108,26,16,112,14,11.2,123,91.05,0,0,2,10,4,2017,2025,False,,108,383.2,4,3349,109,4/17,30.72,8.73,21.1,3,0,108,34,34,0,0,34,2,0.314,2,0
942367,8,1,0,0,0,0.0,1,0.0,0,0,1,0,0,2023,2024,True,,8,22.5,0,203,2,1/23,101.5,8.89,68.5,0,0,8,3,3,0,0,3,3,0.375,3,0
942371,10,,,,nan,,,,,,,,,2025,2025,True,,10,33.5,0,333,6,3/42,55.5,9.84,33.8,0,0,10,4,4,0,0,4,2,0.4,2,0
942645,71,7,2,2,1,0.4,9,22.22,0,0,4,0,0,2018,2025,False,,71,259.2,4,2328,89,3/21,26.15,8.97,17.4,0,0,71,5,5,0,0,5,1,0.07,1,0
955235,8,,,,nan,,,,,,,,,2024,2025,True,,8,30.0,0,283,9,3/28,31.44,9.43,20.0,0,0,8,1,1,0,0,1,1,0.125,1,0
956871,6,6,3,97,64,32.33,73,132.87,0,1,1,13,2,2022,2023,False,,,,,,,,,,,,,6,3,3,0,0,3,1,0.5,1,0
959767,18,18,1,413,65,24.29,287,143.9,0,2,2,40,16,2024,2025,False,,2,2.0,0,7,0,,,3.5,,0,0,18,10,10,0,0,10,3,0.555,3,0
960361,9,1,0,0,0,0.0,1,0.0,0,0,1,0,0,2018,2019,True,,9,35.0,0,292,13,3/36,22.46,8.34,16.1,0,0,9,2,2,0,0,2,1,0.222,1,0
961713,18,3,3,0,0,,3,0.0,0,0,0,0,0,2021,2023,False,,18,64.4,0,612,19,2/24,32.21,9.46,20.4,0,0,18,2,2,0,0,2,1,0.111,1,0
967603,1,,,,nan,,,,,,,,,2021,2021,True,,1,4.0,0,39,1,1/39,39.0,9.75,24.0,0,0,1,0,0,0,0,0,0,0.0,0,0
971349,6,,,,nan,,,,,,,,,2024,2024,True,,5,17.0,0,145,7,2/29,20.71,8.52,14.5,0,0,5,2,2,0,0,2,1,0.4,1,0
974087,19,18,1,363,81,21.35,269,134.94,0,2,2,34,22,2023,2025,True,,,,,,,,,,,,,18,17,17,0,17,0,4,0.944,4,0
974109,20,7,4,12,10,4.0,15,80.0,0,0,2,2,0,2018,2025,False,,20,74.2,0,620,20,3/27,31.0,8.34,22.3,0,0,20,2,2,0,0,2,1,0.1,1,0
974175,12,3,3,5,2,,15,33.33,0,0,0,0,0,2022,2025,False,,12,42.2,0,437,6,2/32,72.83,10.32,42.3,0,0,12,1,1,0,0,1,1,0.083,1,0
1048739,25,5,1,18,13,4.5,16,112.5,0,0,0,0,2,2022,2025,True,,25,73.3,0,651,32,4/33,20.34,8.85,13.7,1,0,25,10,10,0,0,10,2,0.4,2,0
1048813,13,10,1,162,39,18.0,147,110.2,0,0,2,21,2,2020,2023,False,,,,,,,,,,,,,13,1,1,0,0,1,1,0.076,1,0
1048841,1,1,0,0,0,0.0,2,0.0,0,0,1,0,0,2022,2022,True,,1,2.0,0,23,0,,,11.5,,0,0,1,0,0,0,0,0,0,0.0,0,0
1050545,4,1,0,11,11,11.0,15,73.33,0,0,0,1,0,2025,2025,True,,4,10.0,0,96,2,1/26,48.0,9.6,30.0,0,0,4,5,5,0,0,5,2,1.25,2,0
1057399,1,1,0,1,1,1.0,4,25.0,0,0,0,0,0,2025,2025,True,,,,,,,,,,,,,1,0,0,0,0,0,0,0.0,0,0
1060380,71,70,8,2502,108,40.35,1820,137.47,2,20,7,231,95,2020,2025,False,,,,,,,,,,,,,71,39,39,0,0,39,2,0.549,2,0
1064812,79,24,8,129,25,8.06,124,104.03,0,0,8,13,5,2017,2025,False,,78,278.2,1,2150,75,4/27,28.66,7.72,22.2,1,0,79,23,23,0,0,23,2,0.291,2,0
1070168,79,79,0,1892,99,23.94,1283,147.46,0,14,7,238,61,2018,2024,True,,,,,,,,,,,,,79,18,18,0,0,18,2,0.227,2,0
1070173,118,115,17,3866,129,39.44,2787,138.71,4,26,4,372,119,2018,2025,True,,,,,,,,,,,,,118,45,45,0,0,45,3,0.381,3,0
1070180,23,19,1,273,51,15.16,241,113.27,0,1,2,16,9,2020,2023,False,,,,,,,,,,,,,23,9,9,0,0,9,2,0.391,2,0
1070183,77,74,7,1816,141,27.1,1114,163.01,1,9,3,174,101,2018,2025,True,,32,56.0,0,501,11,2/4,45.54,8.94,30.5,0,0,77,25,25,0,0,25,4,0.324,4,0
1070188,12,7,3,22,8,5.5,33,66.66,0,0,2,1,0,2020,2022,False,,11,30.0,0,285,5,2/13,57.0,9.5,36.0,0,0,12,4,4,0,0,4,2,0.333,2,0
1070196,21,,,,nan,,,,,,,,,2023,2025,True,,21,73.5,1,770,25,5/30,30.8,10.42,17.7,1,1,21,2,2,0,0,2,1,0.095,1,0
1070665,16,16,0,455,57,28.43,297,153.19,0,2,2,30,33,2022,2025,True,,1,0.3,0,8,1,1/8,8.0,16.0,3.0,0,0,16,9,9,0,0,9,2,0.562,2,0
1076713,29,28,11,707,100,41.58,460,153.69,1,2,0,62,32,2023,2024,False,,29,73.1,0,664,16,2/12,41.5,9.07,27.4,0,0,29,10,10,0,0,10,2,0.344,2,0
1079434,84,72,12,1566,95,26.1,1104,141.84,0,7,3,111,87,2019,2025,True,,30,49.1,0,477,7,1/7,68.14,9.7,42.1,0,0,83,45,45,0,0,45,4,0.542,4,0
1079470,31,20,9,217,35,19.72,137,158.39,0,0,1,9,17,2022,2025,True,,4,6.4,0,63,6,3/20,10.5,9.45,6.6,0,0,30,14,14,0,0,14,3,0.466,3,0
1079668,1,,,,nan,,,,,,,,,2017,2017,True,,1,4.0,0,42,1,1/42,42.0,10.5,24.0,0,0,1,1,1,0,0,1,1,1.0,1,0
1079839,12,7,3,26,13,6.5,25,104.0,0,0,3,3,0,2019,2025,False,,10,26.4,0,218,6,2/19,36.33,8.17,26.6,0,0,11,3,3,0,0,3,1,0.272,1,0
1079848,32,12,3,51,20,5.66,56,91.07,0,0,3,4,2,2018,2022,True,,32,108.1,2,942,30,4/21,31.4,8.7,21.6,1,0,32,16,16,0,0,16,2,0.5,2,0
1081183,1,1,0,4,4,4.0,8,50.0,0,0,0,1,0,2022,2022,True,,,,,,,,,,,,,1,0,0,0,0,0,0,0.0,0,0
1081442,37,11,8,48,18,16.0,42,114.28,0,0,0,5,1,2018,2024,False,,37,120.0,0,1069,37,4/15,28.89,8.9,19.4,2,0,37,8,8,0,0,8,2,0.216,2,0
1082859,1,,,,nan,,,,,,,,,2017,2017,True,,1,3.3,0,33,0,,,9.42,,0,0,1,0,0,0,0,0,0,0.0,0,0
1083030,7,1,0,0,0,0.0,2,0.0,0,0,1,0,0,2018,2023,True,,7,22.1,0,231,7,2/42,33.0,10.42,19.0,0,0,7,1,1,0,0,1,1,0.142,1,0
1083033,8,,,,nan,,,,,,,,,2018,2025,True,,8,23.1,0,246,6,2/33,41.0,10.61,23.1,0,0,8,1,1,0,0,1,1,0.125,1,0
1083128,7,3,1,7,7,3.5,9,77.77,0,0,2,0,1,2017,2017,False,,6,18.1,0,144,2,1/16,72.0,7.92,54.5,0,0,7,1,1,0,0,1,1,0.142,1,0
1083851,11,10,0,126,34,12.6,106,118.86,0,0,1,11,4,2022,2024,True,,,,,,,,,,,,,11,6,6,0,0,6,1,0.545,1,0
1108375,84,13,9,26,10,6.5,47,55.31,0,0,1,2,0,2019,2025,False,,83,314.4,1,2385,100,5/20,23.85,7.57,18.8,1,1,83,16,16,0,0,16,2,0.192,2,0
1111917,6,2,0,12,12,6.0,12,100.0,0,0,1,0,1,2022,2024,True,,6,14.0,0,148,6,2/21,24.66,10.57,14.0,0,0,6,2,2,0,0,2,1,0.333,1,0
1119026,74,74,3,1806,101,25.43,1430,126.29,1,11,6,190,56,2020,2025,False,,,,,,,,,,,,,74,28,28,0,0,28,3,0.378,3,0
1121579,2,1,1,0,0,,1,0.0,0,0,0,0,0,2019,2019,False,,2,5.0,0,57,1,1/29,57.0,11.4,30.0,0,0,2,0,0,0,0,0,0,0.0,0,0
1122918,20,7,3,13,7,3.25,16,81.25,0,0,1,1,0,2020,2024,True,,20,70.2,0,713,15,2/29,47.53,10.13,28.1,0,0,20,3,3,0,0,3,2,0.15,2,0
1123073,24,21,5,318,66,19.87,267,119.1,0,1,4,26,14,2021,2024,True,,,,,,,,,,,,,24,16,16,0,6,10,4,0.666,4,0
1123718,9,5,5,8,5,,11,72.72,0,0,0,1,0,2024,2025,False,,9,27.2,0,284,5,2/25,56.8,10.39,32.8,0,0,9,3,3,0,0,3,1,0.333,1,0
1124282,5,5,1,78,33,19.5,77,101.29,0,0,1,9,1,2020,2020,True,,,,,,,,,,,,,5,0,0,0,0,0,0,0.0,0,0
1125688,16,2,1,6,4,6.0,6,100.0,0,0,0,1,0,2022,2025,True,,16,52.3,0,522,17,4/46,30.7,9.94,18.5,1,0,16,3,3,0,0,3,1,0.187,1,0
1125958,10,10,0,260,66,26.0,177,146.89,0,2,1,30,8,2023,2025,True,,1,0.1,0,4,0,,,24.0,,0,0,10,5,5,0,0,5,2,0.5,2,0
1125960,1,1,0,24,24,24.0,31,77.41,0,0,0,3,0,2024,2024,True,,,,,,,,,,,,,1,0,0,0,0,0,0,0.0,0,0
1125976,82,14,8,31,10,5.16,46,67.39,0,0,3,4,0,2019,2025,False,,81,285.4,2,2570,97,5/32,26.49,8.99,17.6,2,1,82,16,16,0,0,16,2,0.195,2,0
1131570,3,3,0,68,37,22.66,32,212.5,0,0,1,5,6,2025,2025,True,,,,,,,,,,,,,3,2,2,0,0,2,2,0.666,2,0
1131607,2,1,1,1,1,,1,100.0,0,0,0,0,0,2024,2024,False,,2,5.0,0,57,0,,,11.4,,0,0,2,0,0,0,0,0,0,0.0,0,0
1131619,1,,,,nan,,,,,,,,,2019,2019,True,,1,2.0,0,27,0,,,13.5,,0,0,1,1,1,0,0,1,1,1.0,1,0
1131754,20,8,2,20,7,3.33,31,64.51,0,0,1,3,0,2021,2025,True,,20,74.0,1,638,20,3/31,31.9,8.62,22.2,0,0,20,6,6,0,0,6,2,0.3,2,0
1131978,24,18,4,393,66,28.07,240,163.75,0,2,0,24,28,2024,2025,False,,,,,,,,,,,,,23,4,4,0,0,4,2,0.173,2,0
1132005,24,5,2,25,13,8.33,24,104.16,0,0,1,2,1,2022,2024,False,,23,81.0,2,689,27,4/16,25.51,8.5,18.0,1,0,23,2,2,0,0,2,1,0.086,1,0
1132219,6,5,3,25,8,12.5,21,119.04,0,0,1,2,1,2023,2024,False,,,,,,,,,,,,,6,3,3,0,0,3,2,0.5,2,0
1138316,38,6,3,17,7,5.66,34,50.0,0,0,1,0,1,2022,2025,False,,38,146.0,1,1207,36,4/33,33.52,8.26,24.3,1,0,38,4,4,0,0,4,1,0.105,1,0
1148776,5,1,0,13,13,13.0,9,144.44,0,0,0,0,1,2023,2024,True,,5,12.1,0,114,3,1/9,38.0,9.36,24.3,0,0,5,0,0,0,0,0,0,0.0,0,0
1151270,56,46,10,963,74,26.75,695,138.56,0,6,2,73,38,2022,2025,True,,7,5.5,0,49,4,2/4,12.25,8.4,8.7,0,0,55,18,18,0,0,18,2,0.327,2,0
1151273,36,31,4,719,70,26.62,503,142.94,0,4,1,60,39,2023,2025,True,,2,2.5,0,22,0,,,7.76,,0,0,36,12,12,0,0,12,2,0.333,2,0
1151278,67,66,3,2166,124,34.38,1417,152.85,2,15,4,258,92,2020,2025,True,,1,0.1,0,6,0,,,36.0,,0,0,66,28,28,0,0,28,2,0.424,2,0
1151286,5,,,,nan,,,,,,,,,2024,2025,True,,5,16.0,0,138,3,2/39,46.0,8.62,32.0,0,0,5,1,1,0,0,1,1,0.2,1,0
1151288,40,40,4,1793,108,49.8,1229,145.89,2,12,0,183,52,2022,2025,False,,,,,,,,,,,,,40,10,10,0,0,10,2,0.25,2,0
1153149,3,1,1,7,7,,5,140.0,0,0,0,0,0,2024,2024,False,,3,10.0,0,86,1,1/37,86.0,8.6,60.0,0,0,3,2,2,0,0,2,2,0.666,2,0
1155262,1,,,,nan,,,,,,,,,2024,2024,True,,1,4.0,0,36,2,2/36,18.0,9.0,12.0,0,0,1,0,0,0,0,0,0,0.0,0,0
1159711,58,38,9,545,59,18.79,448,121.65,0,1,1,29,25,2020,2025,False,,45,98.0,0,939,22,3/7,42.68,9.58,26.7,0,0,58,21,21,0,0,21,2,0.362,2,0
1159712,1,1,0,19,19,19.0,24,79.16,0,0,0,2,0,2019,2019,True,,1,4.0,0,56,0,,,14.0,,0,0,1,0,0,0,0,0,0,0.0,0,0
1159720,43,4,1,4,3,1.33,9,44.44,0,0,2,0,0,2022,2025,True,,43,145.1,0,1390,41,3/20,33.9,9.57,21.2,0,0,43,8,8,0,0,8,1,0.186,1,0
1159722,14,6,3,10,3,3.33,15,66.66,0,0,2,0,0,2022,2025,False,,14,40.0,0,400,11,3/26,36.36,10.0,21.8,0,0,14,3,3,0,0,3,2,0.214,2,0
1159734,4,3,1,18,9,9.0,24,75.0,0,0,0,2,1,2024,2024,False,,2,3.2,0,38,0,,,11.4,,0,0,4,1,1,0,0,1,1,0.25,1,0
1159843,16,4,0,12,6,3.0,17,70.58,0,0,0,1,0,2022,2025,True,,16,47.0,0,407,12,2/22,33.91,8.65,23.5,0,0,16,1,1,0,0,1,1,0.062,1,0
1161024,51,51,0,1305,103,25.58,859,151.92,1,7,4,134,71,2019,2025,True,,,,,,,,,,,,,51,7,6,1,4,2,1,0.137,1,0
1161050,1,1,0,22,22,22.0,16,137.5,0,0,0,0,2,2025,2025,True,,,,,,,,,,,,,1,0,0,0,0,0,0,0.0,0,0
1161489,13,6,1,40,10,8.0,40,100.0,0,0,0,5,0,2019,2025,True,,13,38.3,0,409,10,3/34,40.9,10.62,23.1,0,0,13,3,3,0,0,3,1,0.23,1,0
1163695,12,1,1,0,0,,3,0.0,0,0,0,0,0,2022,2024,False,,12,40.1,0,387,14,4/20,27.64,9.63,17.2,1,0,12,4,4,0,0,4,2,0.333,2,0
1168049,15,15,0,385,84,25.66,193,199.48,0,4,3,39,30,2024,2025,True,,,,,,,,,,,,,15,6,6,0,0,6,2,0.4,2,0
1168641,49,26,14,244,29,20.33,203,120.19,0,0,1,19,10,2019,2025,True,,46,135.1,1,1085,35,4/30,31.0,8.02,23.1,1,0,49,14,14,0,0,14,3,0.285,3,0
1170265,54,51,11,1499,84,37.47,1038,144.41,0,8,1,113,74,2022,2025,False,,4,3.4,0,28,0,,,7.63,,0,0,54,32,32,0,0,32,2,0.592,2,0
1175423,13,6,3,66,25,22.0,65,101.53,0,0,0,9,0,2022,2023,True,,13,34.0,0,314,5,2/34,62.8,9.23,40.8,0,0,13,5,5,0,0,5,1,0.384,1,0
1175426,1,1,0,1,1,1.0,2,50.0,0,0,0,0,0,2024,2024,True,,1,2.0,0,26,0,,,13.0,,0,0,1,0,0,0,0,0,0,0.0,0,0
1175428,11,6,4,16,5,8.0,14,114.28,0,0,1,2,0,2024,2025,False,,11,31.3,0,286,10,3/13,28.6,9.07,18.9,0,0,11,4,4,0,0,4,2,0.363,2,0
1175429,2,,,,nan,,,,,,,,,2023,2023,True,,2,6.0,0,60,3,3/36,20.0,10.0,12.0,0,0,2,0,0,0,0,0,0,0.0,0,0
1175441,77,18,8,45,13,4.5,66,68.18,0,0,2,2,2,2020,2025,True,,76,272.1,1,2237,72,3/24,31.06,8.21,22.6,0,0,76,24,24,0,0,24,2,0.315,2,0
1175456,17,17,0,475,103,27.94,265,179.24,1,2,1,55,25,2025,2025,True,,,,,,,,,,,,,17,8,8,0,0,8,1,0.47,1,0
1175458,10,,,,nan,,,,,,,,,2021,2025,True,,10,34.1,0,326,9,2/30,36.22,9.54,22.7,0,0,10,1,1,0,0,1,1,0.1,1,0
1175485,63,52,14,741,45,19.5,488,151.84,0,0,3,45,50,2020,2025,True,,6,9.2,0,119,2,1/9,59.5,12.75,28.0,0,0,63,31,31,0,0,31,3,0.492,3,0
1175488,42,35,11,680,70,28.33,442,153.84,0,4,3,51,38,2023,2025,True,,,,,,,,,,,,,41,19,19,0,4,15,3,0.463,3,0
1175489,13,9,2,172,58,24.57,122,140.98,0,1,1,15,9,2024,2025,False,,,,,,,,,,,,,13,3,3,0,0,3,1,0.23,1,0
1175496,28,22,5,485,76,28.52,365,132.87,0,2,1,31,25,2023,2025,False,,12,23.1,0,254,5,2/17,50.8,10.96,27.8,0,0,28,12,12,0,0,12,2,0.428,2,0
1176959,14,5,2,25,17,8.33,14,178.57,0,0,2,2,2,2022,2025,True,,14,46.2,1,548,10,3/45,54.8,11.82,27.8,0,0,14,3,3,0,0,3,2,0.214,2,0
1182529,37,13,5,20,7,2.5,35,57.14,0,0,2,2,0,2023,2025,False,,37,132.0,0,1067,48,4/18,22.22,8.08,16.5,2,0,37,9,9,0,0,9,2,0.243,2,0
1194795,32,,,,nan,,,,,,,,,2022,2025,True,,32,117.0,0,1016,47,4/28,21.61,8.68,14.9,1,0,32,9,9,0,0,9,1,0.281,1,0
1194959,2,2,0,67,55,33.5,39,171.79,0,1,0,9,3,2025,2025,True,,,,,,,,,,,,,2,1,1,0,0,1,1,0.5,1,0
1201520,9,7,2,80,23,16.0,73,109.58,0,0,0,6,2,2021,2023,True,,1,3.0,0,22,0,,,7.33,,0,0,9,2,2,0,0,2,1,0.222,1,0
1206039,17,2,2,8,4,,14,57.14,0,0,0,0,0,2023,2025,False,,17,58.4,0,590,23,5/5,25.65,10.05,15.3,1,1,17,1,1,0,0,1,1,0.058,1,0
1206052,9,4,0,22,14,5.5,16,137.5,0,0,1,1,2,2023,2025,True,,9,23.0,0,253,8,3/47,31.62,11.0,17.2,0,0,9,0,0,0,0,0,0,0.0,0,0
1206495,3,1,1,0,0,,4,0.0,0,0,0,0,0,2021,2023,False,,3,9.0,0,84,2,1/18,42.0,9.33,27.0,0,0,3,0,0,0,0,0,0,0.0,0,0
1207295,4,3,0,3,2,1.0,7,42.85,0,0,1,0,0,2024,2024,True,,,,,,,,,,,,,4,1,1,0,0,1,1,0.25,1,0
1209126,7,,,,nan,,,,,,,,,2025,2025,True,,7,20.3,0,232,11,4/24,21.09,11.31,11.1,1,0,7,2,2,0,0,2,1,0.285,1,0
1209292,32,10,6,9,2,2.25,24,37.5,0,0,3,0,0,2022,2025,False,,32,106.2,1,1016,36,3/27,28.22,9.55,17.7,0,0,32,9,9,0,0,9,2,0.281,2,0
1211825,3,,,,nan,,,,,,,,,2025,2025,True,,3,10.2,0,132,6,3/27,22.0,12.77,10.3,0,0,3,1,1,0,0,1,1,0.333,1,0
1213979,1,1,0,0,0,0.0,2,0.0,0,0,1,0,0,2025,2025,True,,,,,,,,,,,,,1,2,2,0,0,2,2,2.0,2,0
1216159,3,,,,nan,,,,,,,,,2025,2025,True,,3,10.0,0,98,5,3/34,19.6,9.8,12.0,0,0,3,0,0,0,0,0,0,0.0,0,0
1244751,19,12,6,124,58,20.66,88,140.9,0,1,1,6,9,2023,2025,False,,19,45.2,0,521,12,3/39,43.41,11.49,22.6,0,0,19,7,7,0,0,7,3,0.368,3,0
1246518,3,3,0,16,9,5.33,25,64.0,0,0,0,1,0,2022,2023,True,,,,,,,,,,,,,2,0,0,0,0,0,0,0.0,0,0
1246528,26,6,4,23,19,11.5,16,143.75,0,0,2,1,2,2021,2024,False,,26,82.1,1,772,29,5/25,26.62,9.39,17.0,1,1,26,6,6,0,0,6,2,0.23,2,0
1252337,2,,,,nan,,,,,,,,,2022,2022,True,,2,6.0,0,38,2,2/20,19.0,6.33,18.0,0,0,2,0,0,0,0,0,0,0.0,0,0
1252370,3,1,0,69,69,69.0,47,146.8,0,1,0,9,2,2023,2023,True,,2,3.0,0,37,0,,,12.33,,0,0,3,0,0,0,0,0,0,0.0,0,0
1252585,13,11,5,139,34,23.16,85,163.52,0,0,1,9,10,2024,2025,False,,,,,,,,,,,,,13,1,1,0,0,1,1,0.076,1,0
1254269,12,10,1,115,51,12.77,104,110.57,0,1,1,8,6,2022,2023,True,,1,1.0,0,13,0,,,13.0,,0,0,12,9,9,0,0,9,2,0.75,2,0
1277545,31,29,3,661,65,25.42,441,149.88,0,3,2,65,27,2023,2025,True,,,,,,,,,,,,,30,9,9,0,8,1,2,0.3,2,0
1287032,23,19,5,392,62,28.0,217,180.64,0,1,3,36,23,2024,2025,False,,5,8.4,0,76,0,,,8.76,,0,0,23,15,15,0,0,15,3,0.652,3,0
1287033,1,,,,nan,,,,,,,,,2023,2023,True,,1,3.0,0,42,0,,,14.0,,0,0,1,0,0,0,0,0,0,0.0,0,0
1287067,1,1,1,1,1,,1,100.0,0,0,0,0,0,2023,2023,False,,,,,,,,,,,,,1,0,0,0,0,0,0,0.0,0,0
1287369,3,3,0,18,9,6.0,15,120.0,0,0,1,1,1,2024,2024,True,,,,,,,,,,,,,3,0,0,0,0,0,0,0.0,0,0
1292495,22,18,2,463,54,28.93,320,144.68,0,2,0,46,16,2024,2025,True,,,,,,,,,,,,,22,6,6,0,0,6,2,0.272,2,0
1292497,5,5,0,71,27,14.2,63,112.69,0,0,1,9,2,2025,2025,True,,,,,,,,,,,,,5,1,1,0,0,1,1,0.2,1,0
1292498,4,3,0,16,13,5.33,23,69.56,0,0,0,1,0,2023,2023,True,,,,,,,,,,,,,4,2,2,0,0,2,1,0.5,1,0
1292502,5,3,1,19,11,9.5,18,105.55,0,0,1,1,0,2022,2025,True,,,,,,,,,,,,,5,1,1,0,0,1,1,0.2,1,0
1292563,6,,,,nan,,,,,,,,,2024,2025,True,,6,20.1,0,185,9,3/14,20.55,9.17,13.4,0,0,6,3,3,0,0,3,2,0.5,2,0
1294342,4,1,1,8,8,,2,400.0,0,0,0,2,0,2024,2025,False,,4,11.0,0,143,2,1/23,71.5,13.0,33.0,0,0,4,2,2,0,0,2,2,0.5,2,0
1306214,7,,,,nan,,,,,,,,,2025,2025,True,,7,26.4,0,238,13,3/31,18.3,8.92,12.3,0,0,7,4,4,0,0,4,2,0.571,2,0
1312645,34,10,4,59,34,9.83,56,105.35,0,0,1,5,3,2022,2025,True,,32,108.1,1,1029,40,3/24,25.72,9.51,16.2,0,0,33,12,12,0,0,12,2,0.363,2,0
1316430,1,1,0,0,0,0.0,3,0.0,0,0,1,0,0,2025,2025,True,,1,2.0,0,27,1,1/27,27.0,13.5,12.0,0,0,1,0,0,0,0,0,0,0.0,0,0
1339031,1,1,0,0,0,0.0,5,0.0,0,0,1,0,0,2025,2025,True,,,,,,,,,,,,,1,0,0,0,0,0,0,0.0,0,0
1339698,5,3,0,7,4,2.33,11,63.63,0,0,0,0,0,2025,2025,True,,1,3.0,0,40,0,,,13.33,,0,0,5,1,1,0,0,1,1,0.2,1,0
1349361,1,1,1,1,1,,2,50.0,0,0,0,0,0,2023,2023,False,,1,2.0,0,29,0,,,14.5,,0,0,1,0,0,0,0,0,0,0.0,0,0
1350761,2,,,,nan,,,,,,,,,2023,2024,True,,2,5.0,0,57,0,,,11.4,,0,0,2,0,0,0,0,0,0,0.0,0,0
1350762,2,2,0,6,3,3.0,15,40.0,0,0,0,0,0,2025,2025,True,,,,,,,,,,,,,2,0,0,0,0,0,0,0.0,0,0
1350768,6,2,2,5,4,,10,50.0,0,0,0,0,0,2025,2025,False,,6,22.5,0,225,3,1/29,75.0,9.85,45.6,0,0,6,2,2,0,0,2,2,0.333,2,0
1350770,1,,,,nan,,,,,,,,,2023,2023,True,,1,4.0,0,33,0,,,8.25,,0,0,1,1,1,0,0,1,1,1.0,1,0
1350792,27,,,,nan,,,,,,,,,2023,2025,True,,27,93.0,0,814,18,3/17,45.22,8.75,31.0,0,0,27,2,2,0,0,2,1,0.074,1,0
1356971,1,,,,nan,,,,,,,,,2024,2024,True,,1,4.0,0,47,0,,,11.75,,0,0,1,0,0,0,0,0,0,0.0,0,0
1380113,1,1,1,2,2,,3,66.66,0,0,0,0,0,2024,2024,False,,,,,,,,,,,,,1,2,2,0,0,2,2,2.0,2,0
1385640,1,,,,nan,,,,,,,,,2025,2025,True,,,,,,,,,,,,,1,0,0,0,0,0,0,0.0,0,0
1392201,2,1,1,1,1,,1,100.0,0,0,0,0,0,2025,2025,False,,2,4.0,0,53,1,1/40,53.0,13.25,24.0,0,0,2,1,1,0,0,1,1,0.5,1,0
1403153,2,2,0,9,9,4.5,8,112.5,0,0,1,2,0,2024,2024,True,,,,,,,,,,,,,2,0,0,0,0,0,0,0.0,0,0
1408688,7,7,0,252,101,36.0,122,206.55,1,1,1,18,24,2025,2025,True,,,,,,,,,,,,,7,0,0,0,0,0,0,0.0,0,0
1409976,14,12,3,236,74,26.22,142,166.19,0,1,0,12,20,2025,2025,True,,,,,,,,,,,,,14,6,6,0,0,6,2,0.428,2,0
1449074,14,8,1,142,39,20.28,79,179.74,0,0,1,15,8,2025,2025,True,,13,39.0,0,356,11,2/18,32.36,9.12,21.2,0,0,13,3,3,0,0,3,1,0.23,1,0
1452455,7,7,0,240,94,34.28,127,188.97,0,1,1,31,11,2025,2025,True,,,,,,,,,,,,,7,4,4,0,0,4,1,0.571,1,0
1460385,1,1,0,3,3,3.0,4,75.0,0,0,0,0,0,2025,2025,True,,,,,,,,,,,,,1,1,1,0,0,1,1,1.0,1,0
1460388,5,,,,nan,,,,,,,,,2025,2025,True,,5,12.0,0,109,6,3/32,18.16,9.08,12.0,0,0,5,2,2,0,0,2,1,0.4,1,0
1460529,13,2,1,1,1,1.0,3,33.33,0,0,0,0,0,2025,2025,True,,13,52.0,0,429,14,2/30,30.64,8.25,22.2,0,0,13,3,3,0,0,3,1,0.23,1,0
